"Date and Time","NO<sub>2</sub>","PM<sub>10</sub>","PM<sub>2.5</sub>"
"2022-01-01 00:00:00",10,4.56,3.26
"2022-01-01 01:00:00",13.6,12.74,9.04
"2022-01-01 02:00:00",12.46,21.58,14.25
"2022-01-01 03:00:00",8.01,25.29,13.91
"2022-01-01 04:00:00",5.65,27.08,14.62
"2022-01-01 05:00:00",5.62,29.25,16.22
"2022-01-01 06:00:00",4.62,23.6,13.74
"2022-01-01 07:00:00",4.88,27.81,16.39
"2022-01-01 08:00:00",14.02,19.98,12.72
"2022-01-01 09:00:00",4.99,21.23,13.01
"2022-01-01 10:00:00",5.9,22.23,12.86
"2022-01-01 11:00:00",10.16,25.45,14.8
"2022-01-01 12:00:00",7.25,24.83,14.45
"2022-01-01 13:00:00",14.48,22.89,13.3
"2022-01-01 14:00:00",19.43,22.12,12.79
"2022-01-01 15:00:00",15.61,19.91,11.7
"2022-01-01 16:00:00",17.69,20.52,11.98
"2022-01-01 17:00:00",12.74,19.5,11.9
"2022-01-01 18:00:00",16.93,17.98,11.47
"2022-01-01 19:00:00",25.46,18.06,11.37
"2022-01-01 20:00:00",22.98,16.21,10.41
"2022-01-01 21:00:00",17.08,17.21,10.11
"2022-01-01 22:00:00",14.76,18.14,11.08
"2022-01-01 23:00:00",9.87,18.43,11.09
"2022-01-02 00:00:00",12.73,18.08,10.81
"2022-01-02 01:00:00",10.32,16.8,9.88
"2022-01-02 02:00:00",8.27,18.24,10.41
"2022-01-02 03:00:00",4.89,16.4,9.23
"2022-01-02 04:00:00",4.82,11.69,6.83
"2022-01-02 05:00:00",3.07,11.3,6.16
"2022-01-02 06:00:00",4.06,12.61,6.57
"2022-01-02 07:00:00",3.99,11.35,6.06
"2022-01-02 08:00:00",11.63,9.35,5.32
"2022-01-02 09:00:00",7.47,10.04,5.17
"2022-01-02 10:00:00",12.88,10.11,5.47
"2022-01-02 11:00:00",11.24,9.75,5.42
"2022-01-02 12:00:00",13.1,4.44,2.71
"2022-01-02 13:00:00",12.18,5.3,2.86
"2022-01-02 14:00:00",22.97,7.66,3.7
"2022-01-02 15:00:00",15.94,10.15,5.09
"2022-01-02 16:00:00",24.31,8.4,5.07
"2022-01-02 17:00:00",20.83,9.21,5.48
"2022-01-02 18:00:00",18.34,12.86,7.54
"2022-01-02 19:00:00",18.6,15.6,9.32
"2022-01-02 20:00:00",16.75,14.06,8.81
"2022-01-02 21:00:00",19.68,15.55,9.26
"2022-01-02 22:00:00",13.7,15.14,8.79
"2022-01-02 23:00:00",15.37,16.53,9.28
"2022-01-03 00:00:00",12.34,15.36,8.8
"2022-01-03 01:00:00",6.5,14.17,8.15
"2022-01-03 02:00:00",5.29,14.09,8.06
"2022-01-03 03:00:00",4.37,13.62,7.65
"2022-01-03 04:00:00",2.49,14.8,7.95
"2022-01-03 05:00:00",1.11,13.48,7.17
"2022-01-03 06:00:00",4.13,14.36,7.5
"2022-01-03 07:00:00",6.35,14.99,7.73
"2022-01-03 08:00:00",14.71,15.85,8.3
"2022-01-03 09:00:00",9.74,13.7,7.72
"2022-01-03 10:00:00",9.54,14.9,7.99
"2022-01-03 11:00:00",9.24,13.1,7.09
"2022-01-03 12:00:00",16.2,10.85,6.24
"2022-01-03 13:00:00",14.25,13.94,7.66
"2022-01-03 14:00:00",30.23,13.75,7.37
"2022-01-03 15:00:00",26.68,13.07,6.56
"2022-01-03 16:00:00",25.77,10.73,5.74
"2022-01-03 17:00:00",29.39,14.11,7.55
"2022-01-03 18:00:00",42.31,15.04,8.51
"2022-01-03 19:00:00",43.77,14.7,9.64
"2022-01-03 20:00:00",43.65,10.67,7.04
"2022-01-03 21:00:00",31.11,5.79,4.74
"2022-01-03 22:00:00",35.85,5.43,4.42
"2022-01-03 23:00:00",38.71,9.22,5.42
"2022-01-04 00:00:00",50.16,8.75,4.5
"2022-01-04 01:00:00",45.7,9.61,4.7
"2022-01-04 02:00:00",24.17,8.92,4.75
"2022-01-04 03:00:00",10.66,10.02,5.32
"2022-01-04 04:00:00",9.59,10.1,4.97
"2022-01-04 05:00:00",5.88,8.7,4.41
"2022-01-04 06:00:00",25.34,8.72,4.47
"2022-01-04 07:00:00",51.94,7.49,4.46
"2022-01-04 08:00:00",63.94,9.3,5.9
"2022-01-04 09:00:00",54.53,9.67,5.96
"2022-01-04 10:00:00",47.11,11.28,6.25
"2022-01-04 11:00:00",41.59,13.3,7.07
"2022-01-04 12:00:00",38.5,13.76,7.15
"2022-01-04 13:00:00",38.92,13.08,6.86
"2022-01-04 14:00:00",53.53,12.81,7.22
"2022-01-04 15:00:00",29.15,13.47,7.48
"2022-01-04 16:00:00",47.47,14.17,7.54
"2022-01-04 17:00:00",56.46,15.12,8.64
"2022-01-04 18:00:00",58.74,14.7,9.55
"2022-01-04 19:00:00",54.21,15.24,10.65
"2022-01-04 20:00:00",50.47,15.84,11.65
"2022-01-04 21:00:00",44.25,16.14,11.77
"2022-01-04 22:00:00",35.36,13.6,9.94
"2022-01-04 23:00:00",21.71,14.23,10.38
"2022-01-05 00:00:00",26.8,13.81,10.17
"2022-01-05 01:00:00",18.82,13.76,9.14
"2022-01-05 02:00:00",10.94,12.91,8.49
"2022-01-05 03:00:00",13.37,12.48,8.39
"2022-01-05 04:00:00",22.26,12.39,8.14
"2022-01-05 05:00:00",14.71,11.96,7.69
"2022-01-05 06:00:00",25.81,12.05,7.03
"2022-01-05 07:00:00",37.49,11.59,6.71
"2022-01-05 08:00:00",61.67,12.12,6.66
"2022-01-05 09:00:00",61.13,11.94,6.43
"2022-01-05 10:00:00",55.37,16.1,7.22
"2022-01-05 11:00:00",49.78,14.69,7.61
"2022-01-05 12:00:00",58.53,15.46,7.45
"2022-01-05 13:00:00",53.05,19.4,8.73
"2022-01-05 14:00:00",57.75,19.32,8.76
"2022-01-05 15:00:00",68.33,17.93,8.61
"2022-01-05 16:00:00",76.66,21.4,12.2
"2022-01-05 17:00:00",88.68,31.39,19.51
"2022-01-05 18:00:00",88.88,33.79,22.61
"2022-01-05 19:00:00",84.08,39.27,29.01
"2022-01-05 20:00:00",81.42,47.76,38.28
"2022-01-05 21:00:00",71.64,57.65,47.01
"2022-01-05 22:00:00",72.15,60.86,52.01
"2022-01-05 23:00:00",71.67,47.21,42.04
"2022-01-06 00:00:00",70.86,47.26,40.44
"2022-01-06 01:00:00",43.89,20.18,15.47
"2022-01-06 02:00:00",13.26,7.78,4.62
"2022-01-06 03:00:00",7.97,6.16,3.19
"2022-01-06 04:00:00",10.59,6.75,3.2
"2022-01-06 05:00:00",8.63,6.38,2.99
"2022-01-06 06:00:00",10.09,7.94,3.15
"2022-01-06 07:00:00",12.61,9.74,3.76
"2022-01-06 08:00:00",23.98,5.89,3.04
"2022-01-06 09:00:00",23.9,4.54,1.99
"2022-01-06 10:00:00",17.26,2.78,1.5
"2022-01-06 11:00:00",21.25,1.98,0.86
"2022-01-06 12:00:00",43.2,8.25,3.29
"2022-01-06 13:00:00",44.25,13.89,5.96
"2022-01-06 14:00:00",40.06,12.6,6.5
"2022-01-06 15:00:00",49.93,11.47,5.91
"2022-01-06 16:00:00",45.02,7.44,4.07
"2022-01-06 17:00:00",51.17,10.32,5.31
"2022-01-06 18:00:00",53,11.74,7.94
"2022-01-06 19:00:00",48.43,8.65,5.08
"2022-01-06 20:00:00",33.09,11.27,7.2
"2022-01-06 21:00:00",29.24,5.46,3.91
"2022-01-06 22:00:00",23.49,4.87,3.69
"2022-01-06 23:00:00",23.02,5.27,3.47
"2022-01-07 00:00:00",10.55,6.41,3.7
"2022-01-07 01:00:00",9,3.69,2.55
"2022-01-07 02:00:00",10.18,3.74,2.27
"2022-01-07 03:00:00",8.89,3.07,1.79
"2022-01-07 04:00:00",15.22,3.21,1.67
"2022-01-07 05:00:00",9.37,4.64,2.15
"2022-01-07 06:00:00",9.98,4.51,2.42
"2022-01-07 07:00:00",36.87,4.34,2.23
"2022-01-07 08:00:00",57.07,7.05,4.03
"2022-01-07 09:00:00",58.2,8.86,3.99
"2022-01-07 10:00:00",50.97,9.74,4.41
"2022-01-07 11:00:00",42.62,12.28,5.69
"2022-01-07 12:00:00",51.13,6.72,4.01
"2022-01-07 13:00:00",63.9,6.51,3.65
"2022-01-07 14:00:00",57.98,6.98,3.23
"2022-01-07 15:00:00",45.39,5.03,3.41
"2022-01-07 16:00:00",61.36,7.11,5.75
"2022-01-07 17:00:00",76.45,11.31,8.79
"2022-01-07 18:00:00",76.11,13.26,10.27
"2022-01-07 19:00:00",63.6,11.61,9.25
"2022-01-07 20:00:00",51.97,11.89,8.58
"2022-01-07 21:00:00",52.18,14.1,9.52
"2022-01-07 22:00:00",36.56,16.23,11.32
"2022-01-07 23:00:00",31.5,13.37,10.84
"2022-01-08 00:00:00",22.08,16.04,10.17
"2022-01-08 01:00:00",12.7,15.71,10.17
"2022-01-08 02:00:00",6.13,11.55,7.26
"2022-01-08 03:00:00",8.43,8.81,6.01
"2022-01-08 04:00:00",4.64,5.42,3.96
"2022-01-08 05:00:00",4.62,3.7,2.47
"2022-01-08 06:00:00",6.44,1.74,1.04
"2022-01-08 07:00:00",14.95,1.09,0.66
"2022-01-08 08:00:00",15.7,2.73,1.62
"2022-01-08 09:00:00",24.76,15.31,10.53
"2022-01-08 10:00:00",41.17,17.15,12.03
"2022-01-08 11:00:00",40.44,29.12,17.19
"2022-01-08 12:00:00",34.42,27.59,16.44
"2022-01-08 13:00:00",39.43,19.46,11.55
"2022-01-08 14:00:00",34.57,14.3,8.47
"2022-01-08 15:00:00",39.28,8.91,5.36
"2022-01-08 16:00:00",40.55,10.99,6.38
"2022-01-08 17:00:00",37.8,11.86,7.1
"2022-01-08 18:00:00",42.27,11.12,7.58
"2022-01-08 19:00:00",37.29,11.61,8.34
"2022-01-08 20:00:00",38.53,6.47,5.2
"2022-01-08 21:00:00",23.89,7.53,6.05
"2022-01-08 22:00:00",26.46,9.9,7.26
"2022-01-08 23:00:00",18.63,11.2,7.3
"2022-01-09 00:00:00",16.46,8.96,6.13
"2022-01-09 01:00:00",13.84,9.43,6.02
"2022-01-09 02:00:00",8.73,8.35,5.1
"2022-01-09 03:00:00",3.83,8.38,5.01
"2022-01-09 04:00:00",3.38,7.8,4.44
"2022-01-09 05:00:00",4.15,7.06,4.24
"2022-01-09 06:00:00",3.11,10.84,5.97
"2022-01-09 07:00:00",5.53,10.09,5.84
"2022-01-09 08:00:00",8.86,10.8,5.95
"2022-01-09 09:00:00",15.03,9.89,5.64
"2022-01-09 10:00:00",17.21,10.9,6.15
"2022-01-09 11:00:00",28.77,10.55,6.17
"2022-01-09 12:00:00",22,10.86,6.59
"2022-01-09 13:00:00",24.16,13.4,7.72
"2022-01-09 14:00:00",30.94,13.9,8.39
"2022-01-09 15:00:00",38.22,15.64,9.68
"2022-01-09 16:00:00",48.73,17.03,10.3
"2022-01-09 17:00:00",50.56,19.98,12.33
"2022-01-09 18:00:00",48.45,22.25,14.06
"2022-01-09 19:00:00",55.26,25.25,16.02
"2022-01-09 20:00:00",60.16,24.09,16.28
"2022-01-09 21:00:00",43.69,18.27,13.35
"2022-01-09 22:00:00",43.64,15.69,12.04
"2022-01-09 23:00:00",46.16,12.51,10.34
"2022-01-10 00:00:00",53.95,11.9,9.95
"2022-01-10 01:00:00",31.13,14.06,12.54
"2022-01-10 02:00:00",46.56,14.45,12.6
"2022-01-10 03:00:00",52.73,13.18,11.62
"2022-01-10 04:00:00",26.38,6.18,5.31
"2022-01-10 05:00:00",31.97,4.45,3.89
"2022-01-10 06:00:00",56.48,5.56,3.98
"2022-01-10 07:00:00",80.56,9.35,5.93
"2022-01-10 08:00:00",54.61,8.15,5.43
"2022-01-10 09:00:00",47.63,7.5,3.48
"2022-01-10 10:00:00",51.71,12.42,4.32
"2022-01-10 11:00:00",48.61,12.66,4.15
"2022-01-10 12:00:00",38.04,9.17,3.8
"2022-01-10 13:00:00",32.12,10.66,5.98
"2022-01-10 14:00:00",39.01,12.2,7.22
"2022-01-10 15:00:00",42.38,19.63,15.13
"2022-01-10 16:00:00",46.59,6.66,3.39
"2022-01-10 17:00:00",54.51,8.39,4.32
"2022-01-10 18:00:00",48.7,7.88,4.61
"2022-01-10 19:00:00",57.28,8.04,4.74
"2022-01-10 20:00:00",38.94,11.18,7.32
"2022-01-10 21:00:00",47.48,13.94,9.1
"2022-01-10 22:00:00",43.51,14.27,10.13
"2022-01-10 23:00:00",40.02,16.24,10.11
"2022-01-11 00:00:00",38.43,17.1,10.76
"2022-01-11 01:00:00",46.85,17.88,10.7
"2022-01-11 02:00:00",19.97,18.31,10.65
"2022-01-11 03:00:00",17.83,18.45,10.23
"2022-01-11 04:00:00",22.94,19.36,10.51
"2022-01-11 05:00:00",31.07,21.12,11.3
"2022-01-11 06:00:00",47.77,18.95,10.61
"2022-01-11 07:00:00",84.87,22.48,13.22
"2022-01-11 08:00:00",82.63,20.79,11.55
"2022-01-11 09:00:00",83.12,19.8,11.22
"2022-01-11 10:00:00",96.84,31.49,13.08
"2022-01-11 11:00:00",100.23,28.46,12.24
"2022-01-11 12:00:00",83.4,25.15,11.22
"2022-01-11 13:00:00",63.67,23.37,10.05
"2022-01-11 14:00:00",56.97,21.43,9.34
"2022-01-11 15:00:00",64.59,22.86,9.42
"2022-01-11 16:00:00",74.26,22.47,9.7
"2022-01-11 17:00:00",79.78,24.55,11.01
"2022-01-11 18:00:00",86.41,30.55,13.94
"2022-01-11 19:00:00",92.09,35.66,16.06
"2022-01-11 20:00:00",80.02,26.87,15.68
"2022-01-11 21:00:00",71.98,29.39,13.75
"2022-01-11 22:00:00",60.05,18.95,11.47
"2022-01-11 23:00:00",62.14,20.98,13.3
"2022-01-12 00:00:00",37.96,16.77,10.68
"2022-01-12 01:00:00",40.73,13.14,7.06
"2022-01-12 02:00:00",32.96,12.59,6.48
"2022-01-12 03:00:00",19.25,12.27,5.78
"2022-01-12 04:00:00",41.01,11.8,5.78
"2022-01-12 05:00:00",33.8,11.92,5.6
"2022-01-12 06:00:00",55.46,10.98,5.52
"2022-01-12 07:00:00",84.44,12.9,6.22
"2022-01-12 08:00:00",74.33,15.58,6.59
"2022-01-12 09:00:00",84.73,14.74,6.38
"2022-01-12 10:00:00",85.86,30.18,9.92
"2022-01-12 11:00:00",82.92,20.67,7.42
"2022-01-12 12:00:00",72.78,19.44,7.16
"2022-01-12 13:00:00",62.43,16.2,6.5
"2022-01-12 14:00:00",61.67,18.04,7.27
"2022-01-12 15:00:00",65.6,21.24,7.29
"2022-01-12 16:00:00",63.46,25.95,7.91
"2022-01-12 17:00:00",67.19,28.62,10.41
"2022-01-12 18:00:00",90.01,50.72,19.58
"2022-01-12 19:00:00",96.43,39.84,24.25
"2022-01-12 20:00:00",82.11,47.68,34.26
"2022-01-12 21:00:00",74.64,41.19,29.51
"2022-01-12 22:00:00",66.81,42.16,33.45
"2022-01-12 23:00:00",64.36,42.57,32.41
"2022-01-13 00:00:00",57.86,33.09,26.11
"2022-01-13 01:00:00",68.25,20.75,16.98
"2022-01-13 02:00:00",41.39,15.13,12.56
"2022-01-13 03:00:00",41.78,15.66,12.92
"2022-01-13 04:00:00",39.76,14.88,11.97
"2022-01-13 05:00:00",38.63,13.56,10.83
"2022-01-13 06:00:00",33.69,13.59,10.42
"2022-01-13 07:00:00",70.08,14.84,11.43
"2022-01-13 08:00:00",72.75,16.68,11.81
"2022-01-13 09:00:00",81.36,16.68,10.95
"2022-01-13 10:00:00",82.38,17.5,10.23
"2022-01-13 11:00:00",60.33,13.57,6.35
"2022-01-13 12:00:00",56.08,10.04,5.27
"2022-01-13 13:00:00",52,18.26,7.38
"2022-01-13 14:00:00",60.41,14.68,6.93
"2022-01-13 15:00:00",67.61,14.75,7.58
"2022-01-13 16:00:00",61.78,14.67,7.43
"2022-01-13 17:00:00",66.62,17.04,8.38
"2022-01-13 18:00:00",69.94,18.41,10.85
"2022-01-13 19:00:00",54.38,25.62,16.77
"2022-01-13 20:00:00",52.54,31.34,24.74
"2022-01-13 21:00:00",62.91,31.61,25.81
"2022-01-13 22:00:00",49.58,25.55,18.56
"2022-01-13 23:00:00",63.6,28.81,24.38
"2022-01-14 00:00:00",68.57,29.22,23.17
"2022-01-14 01:00:00",66.39,29.72,23.9
"2022-01-14 02:00:00",60.93,23.3,18.87
"2022-01-14 03:00:00",51.97,21.33,17.58
"2022-01-14 04:00:00",56.49,20.05,16.62
"2022-01-14 05:00:00",42.2,18.92,16.11
"2022-01-14 06:00:00",24.44,16.08,13.95
"2022-01-14 07:00:00",37.33,15.38,12.63
"2022-01-14 08:00:00",77.01,19.77,13.54
"2022-01-14 09:00:00",80.94,24.12,14.26
"2022-01-14 10:00:00",89.96,32.71,17.97
"2022-01-14 11:00:00",85.63,40.72,21.19
"2022-01-14 12:00:00",83.7,31.41,16.04
"2022-01-14 13:00:00",80.11,35.29,17.35
"2022-01-14 14:00:00",75.62,47.82,22.28
"2022-01-14 15:00:00",55.06,24.72,14.16
"2022-01-14 16:00:00",51.3,21.91,13.66
"2022-01-14 17:00:00",55.97,20.11,13.63
"2022-01-14 18:00:00",40.51,16.75,12.39
"2022-01-14 19:00:00",44.86,20.29,16.36
"2022-01-14 20:00:00",51.29,26.73,22.8
"2022-01-14 21:00:00",42.23,22.9,19.98
"2022-01-14 22:00:00",69.36,35.41,29.12
"2022-01-14 23:00:00",72.6,53.62,47.3
"2022-01-15 00:00:00",64.07,53.76,47.89
"2022-01-15 01:00:00",58.78,55.62,50.14
"2022-01-15 02:00:00",54.74,56.46,51.5
"2022-01-15 03:00:00",50.54,60.4,55.99
"2022-01-15 04:00:00",50.19,61.74,57.07
"2022-01-15 05:00:00",55.03,59.36,54.05
"2022-01-15 06:00:00",46.28,26,19.83
"2022-01-15 07:00:00",20.49,19.84,15.75
"2022-01-15 08:00:00",31.85,19.48,17.11
"2022-01-15 09:00:00",46.75,19.74,17.46
"2022-01-15 10:00:00",53.25,20.56,18.67
"2022-01-15 11:00:00",58.54,18.31,16.09
"2022-01-15 12:00:00",54.84,21.86,14.84
"2022-01-15 13:00:00",38.44,16.96,10.24
"2022-01-15 14:00:00",28.87,12.43,8.36
"2022-01-15 15:00:00",32.17,13.51,8.31
"2022-01-15 16:00:00",37.14,16.44,11.44
"2022-01-15 17:00:00",63.52,20.37,13.16
"2022-01-15 18:00:00",79.39,23.57,17.55
"2022-01-15 19:00:00",82.37,31.31,23.62
"2022-01-15 20:00:00",92.69,39.57,30.48
"2022-01-15 21:00:00",73.65,41.67,34.66
"2022-01-15 22:00:00",73.64,16.79,12.91
"2022-01-15 23:00:00",66.92,23.39,19.4
"2022-01-16 00:00:00",53.73,45.1,39.91
"2022-01-16 01:00:00",48.93,28.22,25.21
"2022-01-16 02:00:00",46.34,21.59,18.84
"2022-01-16 03:00:00",38.25,17.36,15.11
"2022-01-16 04:00:00",15.74,13.31,10.88
"2022-01-16 05:00:00",14.14,13.09,11.14
"2022-01-16 06:00:00",13.51,13.54,11.52
"2022-01-16 07:00:00",13.16,12.21,10.63
"2022-01-16 08:00:00",15.43,12.94,11.19
"2022-01-16 09:00:00",30.66,9.11,7.58
"2022-01-16 10:00:00",50.41,8.48,5.23
"2022-01-16 11:00:00",41.04,12.02,6
"2022-01-16 12:00:00",52.31,15.92,7.45
"2022-01-16 13:00:00",46.24,21.58,9.52
"2022-01-16 14:00:00",50.87,23.17,9.95
"2022-01-16 15:00:00",53.88,19.78,9.08
"2022-01-16 16:00:00",56.05,21.38,10.15
"2022-01-16 17:00:00",58.46,22.49,10.52
"2022-01-16 18:00:00",70.11,21.45,10.7
"2022-01-16 19:00:00",68.3,23.1,12.42
"2022-01-16 20:00:00",80.01,23.07,13.93
"2022-01-16 21:00:00",85.19,29.98,19.88
"2022-01-16 22:00:00",87.88,37.61,26.6
"2022-01-16 23:00:00",74.68,45.1,35.82
"2022-01-17 00:00:00",62.2,39.04,31.97
"2022-01-17 01:00:00",56.8,33.94,27.47
"2022-01-17 02:00:00",52.83,26.21,21.23
"2022-01-17 03:00:00",42.72,23.43,19.8
"2022-01-17 04:00:00",41.68,22.09,18.19
"2022-01-17 05:00:00",32.21,19.58,15.65
"2022-01-17 06:00:00",33.43,17.99,13.92
"2022-01-17 07:00:00",47.49,18.14,14
"2022-01-17 08:00:00",75.94,19.39,15.02
"2022-01-17 09:00:00",75,20.91,15.86
"2022-01-17 10:00:00",78.42,23.15,16.74
"2022-01-17 11:00:00",94.21,28.27,18.19
"2022-01-17 12:00:00",84.91,31.49,17.1
"2022-01-17 13:00:00",85.83,30.56,17.32
"2022-01-17 14:00:00",87.09,32.1,15.48
"2022-01-17 15:00:00",78.93,20.73,9.77
"2022-01-17 16:00:00",86.31,22.45,11.63
"2022-01-17 17:00:00",70.24,27.07,12.37
"2022-01-17 18:00:00",114.59,53.99,30.9
"2022-01-17 19:00:00",106.1,47.21,34.45
"2022-01-17 20:00:00",81.03,34.31,25.49
"2022-01-17 21:00:00",72.22,43.1,33.74
"2022-01-17 22:00:00",72.55,57.08,47.99
"2022-01-17 23:00:00",72.07,68.89,58.66
"2022-01-18 00:00:00",69.6,81.05,73.6
"2022-01-18 01:00:00",69.64,86.38,77.96
"2022-01-18 02:00:00",61.16,92.18,82.01
"2022-01-18 03:00:00",54.54,83.59,75.66
"2022-01-18 04:00:00",54.13,75.78,68.06
"2022-01-18 05:00:00",54.75,60.97,53.94
"2022-01-18 06:00:00",62.26,59.29,52.18
"2022-01-18 07:00:00",66.53,40.01,34.82
"2022-01-18 08:00:00",85.42,36.1,31.01
"2022-01-18 09:00:00",85.78,38.11,31.04
"2022-01-18 10:00:00",97.52,44.36,32.5
"2022-01-18 11:00:00",91.54,35.1,25.35
"2022-01-18 12:00:00",101.57,38.23,25.38
"2022-01-18 13:00:00",58.25,22.42,12.32
"2022-01-18 14:00:00",32.89,13.48,7.86
"2022-01-18 15:00:00",42.42,18.07,8.15
"2022-01-18 16:00:00",41.78,26.17,15.28
"2022-01-18 17:00:00",47.48,14.92,7.45
"2022-01-18 18:00:00",46.25,15,9.04
"2022-01-18 19:00:00",40.71,11.07,8.23
"2022-01-18 20:00:00",30.82,9.4,7.22
"2022-01-18 21:00:00",24.5,8.23,7.02
"2022-01-18 22:00:00",26.58,9.49,8.25
"2022-01-18 23:00:00",24.68,10.53,8.47
"2022-01-19 00:00:00",22.37,13.23,8.85
"2022-01-19 01:00:00",10.79,14.25,9.73
"2022-01-19 02:00:00",6.66,14.34,9.59
"2022-01-19 03:00:00",8.8,14.68,9.76
"2022-01-19 04:00:00",7.17,10.85,7.46
"2022-01-19 05:00:00",11.42,7.71,5.23
"2022-01-19 06:00:00",14.92,5.91,3.88
"2022-01-19 07:00:00",34.5,6.5,3.85
"2022-01-19 08:00:00",67.15,10.18,4.86
"2022-01-19 09:00:00",75.88,12.43,5.84
"2022-01-19 10:00:00",71.54,11.74,5.77
"2022-01-19 11:00:00",59.08,12.57,6.33
"2022-01-19 12:00:00",51.03,13.37,6.53
"2022-01-19 13:00:00",48.82,11.41,5.55
"2022-01-19 14:00:00",58.88,10.94,4.98
"2022-01-19 15:00:00",59.14,11.98,5.46
"2022-01-19 16:00:00",70.65,10.26,5.43
"2022-01-19 17:00:00",76.39,10.76,5.73
"2022-01-19 18:00:00",71.92,11.95,6.93
"2022-01-19 19:00:00",69.9,12.45,7.12
"2022-01-19 20:00:00",77.96,19.81,14.29
"2022-01-19 21:00:00",63.02,21.62,16.84
"2022-01-19 22:00:00",46.57,17.08,12.01
"2022-01-19 23:00:00",50.31,17.57,11.84
"2022-01-20 00:00:00",29.93,12.72,8.11
"2022-01-20 01:00:00",20.32,10.98,6.45
"2022-01-20 02:00:00",20.09,10.53,6.53
"2022-01-20 03:00:00",20.89,9.95,6.47
"2022-01-20 04:00:00",21.44,9.75,6.26
"2022-01-20 05:00:00",21.43,9.41,6.24
"2022-01-20 06:00:00",35.97,10.48,6.44
"2022-01-20 07:00:00",60.83,11.88,6.97
"2022-01-20 08:00:00",73.39,13.15,8.05
"2022-01-20 09:00:00",73.66,15.44,8.74
"2022-01-20 10:00:00",79.58,15.71,8.99
"2022-01-20 11:00:00",61.39,15.47,8.81
"2022-01-20 12:00:00",64.35,17.06,8.9
"2022-01-20 13:00:00",69.76,17.29,9.88
"2022-01-20 14:00:00",57.64,19.78,9.76
"2022-01-20 15:00:00",66.13,19.52,9.54
"2022-01-20 16:00:00",67.74,20.95,10.47
"2022-01-20 17:00:00",93.07,26,11.39
"2022-01-20 18:00:00",86,28.92,13.79
"2022-01-20 19:00:00",90.47,29.54,15.51
"2022-01-20 20:00:00",88.63,34.49,23.71
"2022-01-20 21:00:00",82.02,39.51,28.91
"2022-01-20 22:00:00",84.66,51.9,42.09
"2022-01-20 23:00:00",77.51,44.27,35.27
"2022-01-21 00:00:00",70.44,35.44,27.77
"2022-01-21 01:00:00",62.76,37,28.76
"2022-01-21 02:00:00",56.37,32.39,25.36
"2022-01-21 03:00:00",62.07,26.46,20.76
"2022-01-21 04:00:00",59.97,21.69,16.38
"2022-01-21 05:00:00",37.27,19.41,13.53
"2022-01-21 06:00:00",37.5,17.57,12.66
"2022-01-21 07:00:00",59.8,17.54,12.19
"2022-01-21 08:00:00",64.93,12.44,8.82
"2022-01-21 09:00:00",79.53,10.65,6.82
"2022-01-21 10:00:00",80.78,8.91,5.38
"2022-01-21 11:00:00",79.96,12.33,5.76
"2022-01-21 12:00:00",76.08,14.14,6.09
"2022-01-21 13:00:00",60.93,19.29,6.13
"2022-01-21 14:00:00",56.73,21.63,8.46
"2022-01-21 15:00:00",55.4,21.48,6.45
"2022-01-21 16:00:00",59.68,19.45,6.94
"2022-01-21 17:00:00",66.54,21.92,10.65
"2022-01-21 18:00:00",72.45,27.41,15.49
"2022-01-21 19:00:00",77.3,27.85,17.53
"2022-01-21 20:00:00",65.42,24.14,15.56
"2022-01-21 21:00:00",76.32,23.89,17.23
"2022-01-21 22:00:00",67.6,22.46,16.24
"2022-01-21 23:00:00",54.17,19.19,13.95
"2022-01-22 00:00:00",52.35,15.51,12.07
"2022-01-22 01:00:00",37.15,11.07,8.5
"2022-01-22 02:00:00",24.5,8.73,6.55
"2022-01-22 03:00:00",18.78,9.25,6.64
"2022-01-22 04:00:00",23.4,8.62,6.09
"2022-01-22 05:00:00",22.67,7.5,5.77
"2022-01-22 06:00:00",31.63,6.05,4.82
"2022-01-22 07:00:00",56.23,5.67,4.59
"2022-01-22 08:00:00",63.74,6.56,5.07
"2022-01-22 09:00:00",65.41,10,7.51
"2022-01-22 10:00:00",58.83,9.9,7.02
"2022-01-22 11:00:00",45.93,6.8,5.5
"2022-01-22 12:00:00",41.31,4.77,2.94
"2022-01-22 13:00:00",34.79,4.94,3.04
"2022-01-22 14:00:00",51.14,5.51,3.55
"2022-01-22 15:00:00",52.6,7.24,4.4
"2022-01-22 16:00:00",58.17,7.15,4.68
"2022-01-22 17:00:00",66.67,9.08,6.59
"2022-01-22 18:00:00",65.99,8.31,6.24
"2022-01-22 19:00:00",62.19,10.26,8.06
"2022-01-22 20:00:00",60.58,13.46,10.96
"2022-01-22 21:00:00",48.89,12.91,10.5
"2022-01-22 22:00:00",52.55,12.69,10.08
"2022-01-22 23:00:00",34.34,13.53,10.75
"2022-01-23 00:00:00",23.94,10.85,8.73
"2022-01-23 01:00:00",31.7,11.79,7.34
"2022-01-23 02:00:00",23.73,11.58,6.14
"2022-01-23 03:00:00",20.64,11.27,6.09
"2022-01-23 04:00:00",15.39,11.03,5.93
"2022-01-23 05:00:00",10.59,11.95,7.55
"2022-01-23 06:00:00",12.66,10.43,6.25
"2022-01-23 07:00:00",16.4,11.46,5.95
"2022-01-23 08:00:00",27.36,10.83,5.82
"2022-01-23 09:00:00",27.54,12.5,6.55
"2022-01-23 10:00:00",22.54,9.34,3.9
"2022-01-23 11:00:00",25.96,8.82,3.63
"2022-01-23 12:00:00",31.11,12.92,4.02
"2022-01-23 13:00:00",29.47,12.06,4.37
"2022-01-23 14:00:00",25.75,13,5.06
"2022-01-23 15:00:00",27.52,19.18,6.87
"2022-01-23 16:00:00",27.25,19.23,7.84
"2022-01-23 17:00:00",33.5,18.34,8.39
"2022-01-23 18:00:00",29.63,19.69,9.33
"2022-01-23 19:00:00",31.35,22.34,12.13
"2022-01-23 20:00:00",26.07,25.99,14.2
"2022-01-23 21:00:00",27.11,25.97,13.68
"2022-01-23 22:00:00",22.68,24.04,12.42
"2022-01-23 23:00:00",17.81,23.06,10.83
"2022-01-24 00:00:00",12.65,23.3,10.77
"2022-01-24 01:00:00",13.14,23.65,10.27
"2022-01-24 02:00:00",9.68,27.25,10.71
"2022-01-24 03:00:00",11.28,26.87,11.42
"2022-01-24 04:00:00",9.36,22.29,10.81
"2022-01-24 05:00:00",11.19,22.35,10.67
"2022-01-24 06:00:00",13.32,23.35,12
"2022-01-24 07:00:00",39.77,25.93,13.85
"2022-01-24 08:00:00",85.49,29.9,17.8
"2022-01-24 09:00:00",89.3,31.33,17.64
"2022-01-24 10:00:00",93.8,36.69,21.2
"2022-01-24 11:00:00",94.11,47.63,25.48
"2022-01-24 12:00:00",83.45,45.65,24.3
"2022-01-24 13:00:00",70.22,46.63,23.16
"2022-01-24 14:00:00",68.94,55.31,25.5
"2022-01-24 15:00:00",61.14,55.54,23.1
"2022-01-24 16:00:00",38.35,53.13,28.56
"2022-01-24 17:00:00",54.22,52.15,29.66
"2022-01-24 18:00:00",63.07,49.82,30.51
"2022-01-24 19:00:00",54.92,48.66,31.76
"2022-01-24 20:00:00",44.96,47.53,32.47
"2022-01-24 21:00:00",29.54,41.92,28.89
"2022-01-24 22:00:00",27.13,38.58,25.75
"2022-01-24 23:00:00",22.34,37.27,26.68
"2022-01-25 00:00:00",17.91,27.36,21.06
"2022-01-25 01:00:00",14.25,23.36,18.55
"2022-01-25 02:00:00",12.5,22.71,18.42
"2022-01-25 03:00:00",9.13,18.56,15.42
"2022-01-25 04:00:00",9.15,15.59,13.63
"2022-01-25 05:00:00",21.26,15.73,13.9
"2022-01-25 06:00:00",22.84,16.21,13.83
"2022-01-25 07:00:00",49.83,17.4,13.89
"2022-01-25 08:00:00",47.9,18.22,12.38
"2022-01-25 09:00:00",51.98,23.59,13.31
"2022-01-25 10:00:00",61.18,29.49,16.71
"2022-01-25 11:00:00",50.36,31.69,15.95
"2022-01-25 12:00:00",60.66,34.53,16.69
"2022-01-25 13:00:00",47.87,33.42,14.69
"2022-01-25 14:00:00",61.54,45.56,18.21
"2022-01-25 15:00:00",62.72,27.52,10.17
"2022-01-25 16:00:00",65.14,41.15,13.27
"2022-01-25 17:00:00",79.08,40.6,14.58
"2022-01-25 18:00:00",94.84,44.88,18.45
"2022-01-25 19:00:00",90.93,47.97,24.66
"2022-01-25 20:00:00",78.03,38.02,26.26
"2022-01-25 21:00:00",66.34,45.23,34.33
"2022-01-25 22:00:00",68.18,40.52,30.74
"2022-01-25 23:00:00",60.84,33.54,25.72
"2022-01-26 00:00:00",54.22,29.67,23.56
"2022-01-26 01:00:00",51.71,25.32,19.2
"2022-01-26 02:00:00",41.04,22.52,15.9
"2022-01-26 03:00:00",36.31,19.12,13.68
"2022-01-26 04:00:00",19.27,19.26,12.99
"2022-01-26 05:00:00",41.17,18.1,12.45
"2022-01-26 06:00:00",51.07,19.65,12.66
"2022-01-26 07:00:00",74.38,24.13,12.54
"2022-01-26 08:00:00",60.49,20.62,10.46
"2022-01-26 09:00:00",59.92,26.29,11.85
"2022-01-26 10:00:00",64.13,37.63,13.76
"2022-01-26 11:00:00",40.98,29.58,11.41
"2022-01-26 12:00:00",38.33,33.79,10.86
"2022-01-26 13:00:00",34.69,38.8,11.6
"2022-01-26 14:00:00",40.76,36.26,11.56
"2022-01-26 15:00:00",38.64,37.7,12.33
"2022-01-26 16:00:00",47.56,43.19,14.28
"2022-01-26 17:00:00",42.38,42.16,11.8
"2022-01-26 18:00:00",49.47,32.77,10.02
"2022-01-26 19:00:00",38.76,32.9,12.39
"2022-01-26 20:00:00",26.7,24.11,10.1
"2022-01-26 21:00:00",20.4,18.34,8.02
"2022-01-26 22:00:00",14.66,15.48,7.19
"2022-01-26 23:00:00",12.76,8.12,5.2
"2022-01-27 00:00:00",18.56,5.81,4.34
"2022-01-27 01:00:00",12.15,4.12,3.07
"2022-01-27 02:00:00",14.23,2.39,1.84
"2022-01-27 03:00:00",17.39,1.8,1.37
"2022-01-27 04:00:00",18.11,1.75,1.11
"2022-01-27 05:00:00",11.05,1.65,0.81
"2022-01-27 06:00:00",21.19,3.13,1.58
"2022-01-27 07:00:00",35.49,5.84,3.03
"2022-01-27 08:00:00",48.26,7.65,4.13
"2022-01-27 09:00:00",71.48,7.02,3.9
"2022-01-27 10:00:00",58.3,11.14,5
"2022-01-27 11:00:00",47.18,9.41,5.1
"2022-01-27 12:00:00",49.82,8.83,4.42
"2022-01-27 13:00:00",39.55,7.39,3.52
"2022-01-27 14:00:00",47.99,4.8,2.46
"2022-01-27 15:00:00",60.69,7.97,2.99
"2022-01-27 16:00:00",60.22,10.71,3.59
"2022-01-27 17:00:00",64.6,6.91,3.05
"2022-01-27 18:00:00",92.53,8.35,4.46
"2022-01-27 19:00:00",99.16,13.97,9.13
"2022-01-27 20:00:00",84.27,20.54,12.61
"2022-01-27 21:00:00",77.12,21.53,14.86
"2022-01-27 22:00:00",81.81,20.82,15.4
"2022-01-27 23:00:00",73.88,23.41,18.06
"2022-01-28 00:00:00",71.65,24.91,19.38
"2022-01-28 01:00:00",58.39,24.46,19.18
"2022-01-28 02:00:00",60.35,27.64,23.38
"2022-01-28 03:00:00",69.43,26.35,22.19
"2022-01-28 04:00:00",58.08,22.79,18.84
"2022-01-28 05:00:00",46.12,17.69,15.38
"2022-01-28 06:00:00",67.62,12.84,10.5
"2022-01-28 07:00:00",54.56,6.71,4.45
"2022-01-28 08:00:00",46.4,7.51,4.64
"2022-01-28 09:00:00",55.25,11.92,6.05
"2022-01-28 10:00:00",53.03,18.84,7.59
"2022-01-28 11:00:00",35.92,13.18,5.82
"2022-01-28 12:00:00",40,12.4,3.87
"2022-01-28 13:00:00",34.79,7.2,2.81
"2022-01-28 14:00:00",37.07,7.32,2.71
"2022-01-28 15:00:00",37.72,7.07,2.54
"2022-01-28 16:00:00",37.64,5.89,2.71
"2022-01-28 17:00:00",43.06,6.14,2.65
"2022-01-28 18:00:00",52.94,7.35,3.77
"2022-01-28 19:00:00",44.96,6.52,4
"2022-01-28 19:01:00",,,
"2022-01-28 20:01:00",,,
"2022-01-28 21:00:00",19.89,5.04,3.39
"2022-01-28 22:00:00",18.04,3.61,2.52
"2022-01-28 23:00:00",15.28,2.62,1.65
"2022-01-29 00:00:00",16.56,2.33,1.66
"2022-01-29 01:00:00",10.75,1.88,1.11
"2022-01-29 02:00:00",13.1,1.99,1.05
"2022-01-29 03:00:00",11.02,6.19,3.23
"2022-01-29 04:00:00",5.59,12.39,5.89
"2022-01-29 05:00:00",5.88,12.05,5.81
"2022-01-29 06:00:00",7.97,10.52,5.28
"2022-01-29 07:00:00",9.08,13.18,6.46
"2022-01-29 08:00:00",14.69,13.47,6.69
"2022-01-29 09:00:00",15.5,6.34,3.31
"2022-01-29 10:00:00",18.42,4.34,2.59
"2022-01-29 11:00:00",19.94,17.21,10.65
"2022-01-29 12:00:00",25.04,22.25,13.18
"2022-01-29 13:00:00",22.43,23.49,12.28
"2022-01-29 14:00:00",28.39,23.42,10.14
"2022-01-29 15:00:00",37.63,19.41,9.38
"2022-01-29 15:01:00",,,
"2022-01-29 16:01:00",,,
"2022-01-29 17:00:00",57,17.8,8.36
"2022-01-29 18:00:00",60.2,18.77,8.42
"2022-01-29 19:00:00",47.75,19.68,9.71
"2022-01-29 20:00:00",51.15,22.72,12.45
"2022-01-29 21:00:00",62.95,26.67,16.1
"2022-01-29 22:00:00",70.64,22.64,14.28
"2022-01-29 23:00:00",46.24,23.11,15.52
"2022-01-30 00:00:00",61.34,26.18,17.49
"2022-01-30 01:00:00",62.33,26.91,18.55
"2022-01-30 02:00:00",52.88,23.94,16.13
"2022-01-30 03:00:00",43.72,21.61,13.7
"2022-01-30 04:00:00",38.7,18.92,11.91
"2022-01-30 05:00:00",36.31,17.04,11.26
"2022-01-30 06:00:00",40.74,17.64,10.88
"2022-01-30 07:00:00",38.96,17.15,11.13
"2022-01-30 08:00:00",55.19,16.64,10.3
"2022-01-30 09:00:00",57.58,16.34,10.3
"2022-01-30 10:00:00",76.42,18.36,12.11
"2022-01-30 11:00:00",49.11,18.63,8.33
"2022-01-30 12:00:00",27.41,20.58,8.33
"2022-01-30 13:00:00",28.07,20.9,8.6
"2022-01-30 14:00:00",21.07,18.25,8.73
"2022-01-30 15:00:00",22.15,10.62,6.24
"2022-01-30 16:00:00",19.99,6.92,4.66
"2022-01-30 17:00:00",25.93,5.32,3.63
"2022-01-30 18:00:00",24.43,4.37,2.82
"2022-01-30 19:00:00",32.32,5.11,3.18
"2022-01-30 20:00:00",26.72,7.11,4.41
"2022-01-30 21:00:00",22.15,9.24,6.04
"2022-01-30 22:00:00",19.12,11.96,7.19
"2022-01-30 23:00:00",14.03,12.85,7.45
"2022-01-31 00:00:00",7.94,11.09,6.45
"2022-01-31 01:00:00",13.87,12.87,7.24
"2022-01-31 02:00:00",13.87,12.67,7.4
"2022-01-31 03:00:00",7.31,11.61,6.94
"2022-01-31 04:00:00",3.64,11.83,6.67
"2022-01-31 05:00:00",4.99,12.48,6.94
"2022-01-31 06:00:00",21.51,12.83,7.3
"2022-01-31 07:00:00",51.77,11.5,6.72
"2022-01-31 08:00:00",50.37,13,7.19
"2022-01-31 09:00:00",58.99,13.74,8.83
"2022-01-31 10:00:00",52.36,13.8,7.55
"2022-01-31 11:00:00",40.49,14.76,7.34
"2022-01-31 12:00:00",35.74,13.13,6.52
"2022-01-31 13:00:00",43.48,12.37,5.88
"2022-01-31 14:00:00",40.51,12.19,6.15
"2022-01-31 15:00:00",39.61,17.28,8.47
"2022-01-31 16:00:00",44.12,17.57,9.01
"2022-01-31 17:00:00",56.2,18.36,9.96
"2022-01-31 18:00:00",61.91,18.52,10.94
"2022-01-31 19:00:00",60.27,17.89,10.08
"2022-01-31 20:00:00",41.88,17.24,9.18
"2022-01-31 21:00:00",28.96,18,9.92
"2022-01-31 22:00:00",19.78,17.81,9.84
"2022-01-31 23:00:00",16.85,18.3,10.23
"2022-02-01 00:00:00",14.75,17.16,10.09
"2022-02-01 01:00:00",12.7,15.16,9.26
"2022-02-01 02:00:00",4.44,14.58,8.91
"2022-02-01 03:00:00",4.9,13.56,8
"2022-02-01 04:00:00",8.88,6.25,4.18
"2022-02-01 05:00:00",6.68,3.44,2.56
"2022-02-01 06:00:00",20.13,3.8,2.74
"2022-02-01 07:00:00",30.29,2.92,2.2
"2022-02-01 08:00:00",39.64,2.85,1.76
"2022-02-01 09:00:00",40.6,2.92,1.85
"2022-02-01 10:00:00",44.42,3.71,1.94
"2022-02-01 11:00:00",36.21,3.42,1.64
"2022-02-01 12:00:00",27.99,2.57,1.4
"2022-02-01 13:00:00",28.13,2.71,1.49
"2022-02-01 14:00:00",31.53,3.28,1.89
"2022-02-01 15:00:00",34.46,2.91,2.02
"2022-02-01 16:00:00",35.42,3.31,2.11
"2022-02-01 17:00:00",32.53,3.62,2.37
"2022-02-01 18:00:00",39.6,3.56,2.37
"2022-02-01 19:00:00",37.66,2.7,2.17
"2022-02-01 20:00:00",33.6,3.84,3.14
"2022-02-01 21:00:00",23.76,4.71,4.06
"2022-02-01 22:00:00",22.99,5.13,4.4
"2022-02-01 23:00:00",17.09,6.25,5.02
"2022-02-02 00:00:00",17.51,4.89,3.87
"2022-02-02 01:00:00",8.84,3.7,2.92
"2022-02-02 02:00:00",6.07,2.13,1.64
"2022-02-02 03:00:00",5.14,2.95,1.7
"2022-02-02 04:00:00",8.58,6.08,3.43
"2022-02-02 05:00:00",8.77,5.94,3.63
"2022-02-02 06:00:00",20.7,7.33,4.15
"2022-02-02 07:00:00",48.68,12.54,6.87
"2022-02-02 08:00:00",59.81,15.76,8.84
"2022-02-02 09:00:00",74.1,18.09,9.66
"2022-02-02 10:00:00",71.63,20.29,10.77
"2022-02-02 11:00:00",53.26,20.71,10.53
"2022-02-02 12:00:00",46.64,16.3,8.93
"2022-02-02 13:00:00",53.09,16.35,8.2
"2022-02-02 14:00:00",47.9,13.33,6.3
"2022-02-02 15:00:00",58.68,13.5,7.01
"2022-02-02 16:00:00",56.65,15.01,7.13
"2022-02-02 17:00:00",69.03,15.56,7.18
"2022-02-02 18:00:00",62,14.01,7.27
"2022-02-02 19:00:00",66.2,10.53,6.9
"2022-02-02 20:00:00",46.91,8.75,6.14
"2022-02-02 21:00:00",44.43,8.98,6.76
"2022-02-02 22:00:00",45.59,10.11,6.96
"2022-02-02 23:00:00",35.53,11.34,5.97
"2022-02-03 00:00:00",32.91,7.52,5.08
"2022-02-03 01:00:00",23.17,7.84,6.01
"2022-02-03 02:00:00",11.51,8.38,6.31
"2022-02-03 03:00:00",13.81,6.44,4.68
"2022-02-03 04:00:00",12.8,5.45,4.33
"2022-02-03 05:00:00",8.59,4.22,2.86
"2022-02-03 06:00:00",17.81,3.7,2.48
"2022-02-03 07:00:00",33.31,3.93,2.22
"2022-02-03 08:00:00",54.19,5.89,3.04
"2022-02-03 09:00:00",47.75,7.29,3
"2022-02-03 10:00:00",46.45,9.48,3.34
"2022-02-03 11:00:00",32.03,10.93,3.61
"2022-02-03 12:00:00",30.78,13.66,4.1
"2022-02-03 13:00:00",24.29,12.82,4.02
"2022-02-03 14:00:00",30.58,11.5,3.8
"2022-02-03 15:00:00",37.95,13.43,4.26
"2022-02-03 16:00:00",41.55,19.95,5.8
"2022-02-03 17:00:00",36.95,31.76,8.98
"2022-02-03 18:00:00",34.19,33.7,11.58
"2022-02-03 19:00:00",42.35,25.04,9.71
"2022-02-03 20:00:00",20.44,31.25,11.01
"2022-02-03 21:00:00",28.43,10.33,4.34
"2022-02-03 22:00:00",33.15,4.36,2.58
"2022-02-03 23:00:00",39.24,5.32,2.8
"2022-02-04 00:00:00",28.77,7.28,4.25
"2022-02-04 01:00:00",22.51,8.6,5.45
"2022-02-04 02:00:00",14.5,10.06,5.62
"2022-02-04 03:00:00",9.08,11.26,5.94
"2022-02-04 04:00:00",10,10.7,5.56
"2022-02-04 05:00:00",18.61,10.65,5.62
"2022-02-04 06:00:00",30.84,10.04,5.31
"2022-02-04 07:00:00",52.16,9.98,4.91
"2022-02-04 08:00:00",59.16,10.64,5.72
"2022-02-04 09:00:00",55.07,7.51,3.89
"2022-02-04 10:00:00",44.14,8.9,3.83
"2022-02-04 11:00:00",43.2,8.99,4.28
"2022-02-04 12:00:00",33.11,8.41,4.45
"2022-02-04 13:00:00",29.26,8.94,3.68
"2022-02-04 14:00:00",45.36,9.67,3.49
"2022-02-04 15:00:00",31.39,4.97,2.19
"2022-02-04 16:00:00",49.33,4.53,2.37
"2022-02-04 17:00:00",44.17,5.95,3.87
"2022-02-04 18:00:00",61.48,6.55,4.5
"2022-02-04 19:00:00",58.95,9.29,6.79
"2022-02-04 20:00:00",50.86,12.52,9.51
"2022-02-04 21:00:00",45.6,12.96,8.59
"2022-02-04 22:00:00",36.11,12.94,9.04
"2022-02-04 23:00:00",38.59,13.68,9.1
"2022-02-05 00:00:00",35.46,13.53,8.25
"2022-02-05 01:00:00",21.75,12.14,6.78
"2022-02-05 02:00:00",15.89,9.69,5.15
"2022-02-05 03:00:00",13.57,9.99,5.25
"2022-02-05 04:00:00",14.74,9.55,5.12
"2022-02-05 05:00:00",6.17,8.8,4.67
"2022-02-05 06:00:00",6.04,9.81,4.79
"2022-02-05 07:00:00",15.4,8.73,4.45
"2022-02-05 08:00:00",14.86,8.76,4.13
"2022-02-05 09:00:00",14.41,10.89,4.37
"2022-02-05 10:00:00",18.13,12.88,5.38
"2022-02-05 11:00:00",18.98,11.46,6.44
"2022-02-05 12:00:00",20.44,13.71,7.55
"2022-02-05 13:00:00",24.89,11.52,7.27
"2022-02-05 14:00:00",28.39,8.7,5.77
"2022-02-05 15:00:00",23.79,7.98,5.51
"2022-02-05 16:00:00",27.79,8.28,5.51
"2022-02-05 17:00:00",26.14,8.43,5.71
"2022-02-05 18:00:00",36.08,8.69,5.76
"2022-02-05 19:00:00",29.42,7.81,5.27
"2022-02-05 20:00:00",27.24,4.39,3.06
"2022-02-05 21:00:00",16.99,4.66,3.28
"2022-02-05 22:00:00",14.94,2.95,2.25
"2022-02-05 23:00:00",10.78,3.43,2.41
"2022-02-06 00:00:00",13,3.58,2.51
"2022-02-06 01:00:00",8.01,3.44,2.5
"2022-02-06 02:00:00",7.89,3.37,2.2
"2022-02-06 03:00:00",9.53,2.32,1.35
"2022-02-06 04:00:00",6.1,2.2,1.42
"2022-02-06 05:00:00",8.27,3.19,1.98
"2022-02-06 06:00:00",2.87,3.49,2.15
"2022-02-06 07:00:00",2.4,5.65,3.27
"2022-02-06 08:00:00",11.03,6.51,3.77
"2022-02-06 09:00:00",19.11,5.69,3.5
"2022-02-06 10:00:00",16.18,7.46,4.16
"2022-02-06 11:00:00",25.41,9.76,5.51
"2022-02-06 12:00:00",20.14,7.62,4.69
"2022-02-06 13:00:00",25.87,6.68,3.93
"2022-02-06 14:00:00",25.06,8.51,4.69
"2022-02-06 15:00:00",20.85,9.67,5.22
"2022-02-06 16:00:00",21.79,7.99,5.47
"2022-02-06 17:00:00",30.44,10.94,6.41
"2022-02-06 18:00:00",30.37,15.08,8.99
"2022-02-06 19:00:00",39.55,16.41,10.4
"2022-02-06 20:00:00",39.31,18.24,12.04
"2022-02-06 21:00:00",43.96,16.12,10.69
"2022-02-06 22:00:00",36.64,15.72,10.58
"2022-02-06 23:00:00",28.7,17.05,11.23
"2022-02-07 00:00:00",21.92,16.81,10.49
"2022-02-07 01:00:00",24.99,15.75,9.49
"2022-02-07 02:00:00",30.51,15.04,8.7
"2022-02-07 03:00:00",32.43,14.53,8.36
"2022-02-07 04:00:00",25.16,15.9,8.01
"2022-02-07 05:00:00",50.92,13.19,7.62
"2022-02-07 06:00:00",67.7,13.98,7.64
"2022-02-07 07:00:00",49.31,19.42,10.19
"2022-02-07 08:00:00",60.78,9.82,5.71
"2022-02-07 09:00:00",51.81,5.99,3.22
"2022-02-07 10:00:00",38.84,3.67,1.56
"2022-02-07 11:00:00",33.62,3.5,1.89
"2022-02-07 12:00:00",38.53,5.82,2.26
"2022-02-07 13:00:00",40.07,4.78,2.13
"2022-02-07 14:00:00",45.27,6.1,3.2
"2022-02-07 15:00:00",45.07,11.24,5.93
"2022-02-07 16:00:00",47.59,13,7.06
"2022-02-07 17:00:00",48.03,12.08,6.45
"2022-02-07 18:00:00",48.29,11.15,6.27
"2022-02-07 19:00:00",43.45,11.2,6.64
"2022-02-07 20:00:00",29.47,10.3,6.01
"2022-02-07 21:00:00",15.47,10.49,5.95
"2022-02-07 22:00:00",15.86,11.73,6.28
"2022-02-07 23:00:00",11.68,9.14,5.35
"2022-02-08 00:00:00",14.26,6.14,3.63
"2022-02-08 01:00:00",11.57,6.99,4.05
"2022-02-08 02:00:00",3.38,5.8,3.38
"2022-02-08 03:00:00",2.42,4.7,2.6
"2022-02-08 04:00:00",2.97,4.98,2.54
"2022-02-08 05:00:00",4.29,6.6,3.25
"2022-02-08 06:00:00",13.92,5.58,3.06
"2022-02-08 07:00:00",28.68,4.91,2.67
"2022-02-08 08:00:00",35.48,4.31,2.4
"2022-02-08 09:00:00",38.53,3.18,1.48
"2022-02-08 10:00:00",38.17,4.16,1.63
"2022-02-08 11:00:00",38.01,2.8,1.29
"2022-02-08 12:00:00",42.46,2.94,1.6
"2022-02-08 13:00:00",48.78,3.69,1.96
"2022-02-08 14:00:00",51.63,3.73,1.92
"2022-02-08 15:00:00",52.34,5.13,2.4
"2022-02-08 16:00:00",59.72,4.02,2.09
"2022-02-08 17:00:00",66.37,7.35,3.98
"2022-02-08 18:00:00",73.14,6.29,3.64
"2022-02-08 19:00:00",71.16,7.06,5.11
"2022-02-08 20:00:00",64.15,7.5,5.66
"2022-02-08 21:00:00",40.17,5.15,3.92
"2022-02-08 22:00:00",28.36,4.29,3.33
"2022-02-08 23:00:00",30.81,4.25,2.92
"2022-02-09 00:00:00",26.13,2.31,1.43
"2022-02-09 01:00:00",11.39,1.77,1.12
"2022-02-09 02:00:00",8.32,2.07,1.3
"2022-02-09 03:00:00",4.14,3,1.77
"2022-02-09 04:00:00",4.82,5.02,2.52
"2022-02-09 05:00:00",14.62,7.01,3.27
"2022-02-09 06:00:00",20.9,9.83,4.36
"2022-02-09 07:00:00",49.14,10,4.49
"2022-02-09 08:00:00",62.31,11.33,4.79
"2022-02-09 09:00:00",73.44,12.46,5.64
"2022-02-09 10:00:00",68.51,16.62,6.55
"2022-02-09 11:00:00",48.68,14.87,6.24
"2022-02-09 12:00:00",45.34,14.09,6.05
"2022-02-09 13:00:00",39.41,16.16,6.3
"2022-02-09 14:00:00",49.6,18.9,6.93
"2022-02-09 15:00:00",36.79,14.67,5.99
"2022-02-09 16:00:00",46.52,15.06,5.62
"2022-02-09 17:00:00",49.72,14.48,5.3
"2022-02-09 18:00:00",84.25,18.53,8.04
"2022-02-09 19:00:00",64.19,16.04,8.27
"2022-02-09 20:00:00",52.78,12.28,7.59
"2022-02-09 21:00:00",41.7,12.61,7.67
"2022-02-09 22:00:00",40.01,11,7.08
"2022-02-09 23:00:00",40.08,11.49,7.02
"2022-02-10 00:00:00",37.34,9.6,5.07
"2022-02-10 01:00:00",29.75,9.13,4.36
"2022-02-10 02:00:00",8.07,8.45,3.9
"2022-02-10 03:00:00",9.61,8.54,4.06
"2022-02-10 04:00:00",10.42,8.5,3.99
"2022-02-10 05:00:00",14.11,8.91,4.46
"2022-02-10 06:00:00",23.2,9.32,4.62
"2022-02-10 07:00:00",39.14,9.66,4.81
"2022-02-10 08:00:00",45.12,10.68,4.95
"2022-02-10 09:00:00",51.07,12.06,5.06
"2022-02-10 10:00:00",51.25,14.7,5.91
"2022-02-10 11:00:00",38.62,12.72,5.53
"2022-02-10 12:00:00",30.78,15.82,5.62
"2022-02-10 13:00:00",35.19,16.09,5.99
"2022-02-10 14:00:00",32.52,18.21,6.29
"2022-02-10 14:01:00",,,
"2022-02-10 15:01:00",,,
"2022-02-10 16:00:00",47.57,8.16,3.58
"2022-02-10 17:00:00",47.69,8.61,3.8
"2022-02-10 18:00:00",59.58,9.19,4.61
"2022-02-10 19:00:00",53.52,10.46,5.92
"2022-02-10 20:00:00",59.73,12.13,7.81
"2022-02-10 21:00:00",37.6,13.37,9.26
"2022-02-10 22:00:00",42.42,14.47,10.84
"2022-02-10 23:00:00",40.76,14.75,9.43
"2022-02-11 00:00:00",36.91,13.72,8.6
"2022-02-11 01:00:00",25.99,14.52,8.27
"2022-02-11 02:00:00",19.84,13.93,7.65
"2022-02-11 03:00:00",12.12,12.26,6.87
"2022-02-11 04:00:00",17.3,11.52,6.63
"2022-02-11 05:00:00",34.65,12.06,6.5
"2022-02-11 06:00:00",37.45,12.07,6.79
"2022-02-11 07:00:00",59.84,13.16,7.23
"2022-02-11 08:00:00",96.84,17.37,9.93
"2022-02-11 09:00:00",93.37,26.41,11.55
"2022-02-11 10:00:00",73.69,22.07,9.35
"2022-02-11 11:00:00",65.65,21.58,7.53
"2022-02-11 12:00:00",40.16,30.39,7.86
"2022-02-11 13:00:00",31.92,29.38,8.68
"2022-02-11 14:00:00",19.55,26.14,10
"2022-02-11 15:00:00",25.13,21.96,5.31
"2022-02-11 16:00:00",23.76,14.94,4.41
"2022-02-11 17:00:00",28.51,18.2,5.04
"2022-02-11 18:00:00",29.25,12.65,5.01
"2022-02-11 19:00:00",28.72,13.4,5.67
"2022-02-11 20:00:00",20.19,12.11,5.05
"2022-02-11 21:00:00",14.87,11.82,4.88
"2022-02-11 22:00:00",12.24,10.26,4.41
"2022-02-11 23:00:00",10.98,15.39,4.92
"2022-02-12 00:00:00",11.18,9.35,4.46
"2022-02-12 01:00:00",10.21,9.34,4.28
"2022-02-12 02:00:00",6.61,6.69,3.26
"2022-02-12 03:00:00",4.59,3.99,2.27
"2022-02-12 04:00:00",6.63,3.67,2.05
"2022-02-12 05:00:00",4.54,3.04,1.61
"2022-02-12 06:00:00",4.5,1.85,0.94
"2022-02-12 07:00:00",6.2,1.64,0.83
"2022-02-12 08:00:00",8.71,1.08,0.62
"2022-02-12 09:00:00",12.31,1.05,0.56
"2022-02-12 10:00:00",13.32,2.29,0.87
"2022-02-12 11:00:00",18.14,5.7,1.97
"2022-02-12 12:00:00",19.56,4.19,2.1
"2022-02-12 13:00:00",30.31,5,1.96
"2022-02-12 14:00:00",26.6,6.85,3.68
"2022-02-12 15:00:00",32.16,5.94,3.41
"2022-02-12 16:00:00",39.47,8.13,4.98
"2022-02-12 17:00:00",38.21,8.31,5.1
"2022-02-12 18:00:00",50.15,10.5,6.23
"2022-02-12 19:00:00",41.21,13.88,9.57
"2022-02-12 20:00:00",41.65,14.39,9.41
"2022-02-12 21:00:00",28.2,16.8,12.35
"2022-02-12 22:00:00",23.96,14.18,10.23
"2022-02-12 23:00:00",22.09,11.53,7.75
"2022-02-13 00:00:00",25.48,10.08,6.66
"2022-02-13 01:00:00",14.34,7.41,4.94
"2022-02-13 02:00:00",18.8,5.41,3.51
"2022-02-13 03:00:00",27.5,4.82,3.07
"2022-02-13 04:00:00",44.26,7.23,4.6
"2022-02-13 05:00:00",24.15,7.27,4.12
"2022-02-13 06:00:00",13.83,3.5,2.15
"2022-02-13 07:00:00",14.36,2.92,1.5
"2022-02-13 08:00:00",16.57,1.42,0.74
"2022-02-13 09:00:00",22.53,1.5,0.63
"2022-02-13 10:00:00",18.21,1.59,0.78
"2022-02-13 11:00:00",53.75,4.5,2.14
"2022-02-13 12:00:00",28.02,2.24,1.21
"2022-02-13 13:00:00",29.09,3.55,2.78
"2022-02-13 14:00:00",30.93,1.78,1.38
"2022-02-13 15:00:00",24.47,2.06,1.35
"2022-02-13 16:00:00",32.11,3.11,2.08
"2022-02-13 17:00:00",46.31,3.88,2.9
"2022-02-13 18:00:00",45.2,4.02,2.97
"2022-02-13 19:00:00",39.12,5.76,4.58
"2022-02-13 20:00:00",24.85,4.91,4.04
"2022-02-13 21:00:00",47.83,4.84,4.04
"2022-02-13 22:00:00",25.57,3.36,2.57
"2022-02-13 23:00:00",23.86,2.19,1.71
"2022-02-14 00:00:00",18.45,2.36,1.92
"2022-02-14 01:00:00",22.47,2.29,1.66
"2022-02-14 02:00:00",10.21,3.04,2.26
"2022-02-14 03:00:00",5.62,2.74,2.27
"2022-02-14 04:00:00",3.76,1.97,1.4
"2022-02-14 05:00:00",3.68,3.19,1.94
"2022-02-14 06:00:00",11.39,3,1.69
"2022-02-14 07:00:00",28.71,3.9,2.08
"2022-02-14 08:00:00",41.42,3.77,2.24
"2022-02-14 09:00:00",45.53,3.68,2.14
"2022-02-14 10:00:00",53.09,5.16,2.6
"2022-02-14 11:00:00",45.65,4.72,2.47
"2022-02-14 12:00:00",36.38,5.54,2.66
"2022-02-14 13:00:00",39.77,6.88,2.95
"2022-02-14 14:00:00",46.54,9.15,3.66
"2022-02-14 15:00:00",41.96,10.65,4.45
"2022-02-14 16:00:00",46.38,7.08,3.51
"2022-02-14 17:00:00",58.39,9.85,3.66
"2022-02-14 18:00:00",61.42,10.49,4.92
"2022-02-14 19:00:00",57.63,13.2,6.9
"2022-02-14 20:00:00",64.2,14.9,9.02
"2022-02-14 21:00:00",62.31,17,11.49
"2022-02-14 22:00:00",41.63,14.89,9.65
"2022-02-14 23:00:00",29.73,14.99,9.19
"2022-02-15 00:00:00",21.2,10.07,5.11
"2022-02-15 01:00:00",13.68,8.88,4.27
"2022-02-15 02:00:00",8.23,7.86,3.82
"2022-02-15 03:00:00",4.24,6.14,3.68
"2022-02-15 04:00:00",2.26,4.99,3.23
"2022-02-15 05:00:00",3.01,3.78,2.37
"2022-02-15 06:00:00",9.22,3.58,2
"2022-02-15 07:00:00",27.86,11.85,6.32
"2022-02-15 08:00:00",49.58,19.13,10.52
"2022-02-15 09:00:00",49.27,22.43,12.17
"2022-02-15 10:00:00",49.54,24.47,13.1
"2022-02-15 11:00:00",60.42,26.72,14.17
"2022-02-15 12:00:00",41.06,22.32,12.28
"2022-02-15 13:00:00",35.11,22.94,11.33
"2022-02-15 14:00:00",42.27,26.67,12.27
"2022-02-15 15:00:00",51.34,29.76,13.25
"2022-02-15 16:00:00",57.15,32.69,14.42
"2022-02-15 17:00:00",46.8,32.54,13.79
"2022-02-15 18:00:00",46.61,23.8,12.6
"2022-02-15 19:00:00",39.46,20.41,13.64
"2022-02-15 20:00:00",29.74,13.64,10.44
"2022-02-15 21:00:00",28.64,9.82,8.34
"2022-02-15 22:00:00",40.23,11.67,9.41
"2022-02-15 23:00:00",18.31,3.15,2.32
"2022-02-16 00:00:00",12.35,2.01,1.31
"2022-02-16 01:00:00",12.45,1.76,0.99
"2022-02-16 02:00:00",3.65,1.62,0.94
"2022-02-16 03:00:00",2.92,3.63,2.36
"2022-02-16 04:00:00",1.77,12.27,7.93
"2022-02-16 05:00:00",5.24,19.31,12.78
"2022-02-16 06:00:00",9.59,20.84,13.91
"2022-02-16 07:00:00",22.18,26.76,17.21
"2022-02-16 08:00:00",34.35,29.98,19.77
"2022-02-16 09:00:00",36.98,29.17,18.1
"2022-02-16 10:00:00",29.69,26.92,16.32
"2022-02-16 11:00:00",23.43,16.68,10.73
"2022-02-16 12:00:00",25.89,3.19,1.69
"2022-02-16 13:00:00",27.41,3.43,1.42
"2022-02-16 14:00:00",21.49,4.97,2.83
"2022-02-16 15:00:00",30.42,7.79,5.59
"2022-02-16 16:00:00",32.58,12.82,8.1
"2022-02-16 17:00:00",29.16,20.47,12.53
"2022-02-16 18:00:00",36.09,24.15,14.54
"2022-02-16 19:00:00",24.86,18.94,11.69
"2022-02-16 20:00:00",23.11,15.65,9.82
"2022-02-16 21:00:00",17.06,15.36,10.21
"2022-02-16 22:00:00",18.14,19.29,11.29
"2022-02-16 23:00:00",7.98,8.66,5.75
"2022-02-17 00:00:00",11.57,7.9,4.71
"2022-02-17 01:00:00",9.13,9.67,5.38
"2022-02-17 02:00:00",8.85,11.7,6.1
"2022-02-17 03:00:00",10.42,12.71,6.21
"2022-02-17 04:00:00",17.63,10.46,5.29
"2022-02-17 05:00:00",9.71,6.7,3.48
"2022-02-17 06:00:00",16.19,4.54,2.41
"2022-02-17 07:00:00",38.24,7.95,3.74
"2022-02-17 08:00:00",56.11,13.68,6.38
"2022-02-17 09:00:00",64.64,19.08,8.34
"2022-02-17 10:00:00",50.42,23.68,9.32
"2022-02-17 11:00:00",51.79,13.49,5.95
"2022-02-17 12:00:00",53.32,5.52,3.1
"2022-02-17 13:00:00",59.03,6.11,3.26
"2022-02-17 14:00:00",48.62,7.1,3.71
"2022-02-17 15:00:00",51.97,8.48,4.17
"2022-02-17 16:00:00",54.8,4.61,2.4
"2022-02-17 17:00:00",62.74,8.26,4.26
"2022-02-17 18:00:00",71.74,9.18,5.04
"2022-02-17 19:00:00",59.37,13.87,7.44
"2022-02-17 20:00:00",47.94,18.55,9.12
"2022-02-17 21:00:00",40.9,20.2,10.85
"2022-02-17 22:00:00",18.01,20.31,10.17
"2022-02-17 23:00:00",14.8,14.09,8.55
"2022-02-18 00:00:00",8.79,4.8,3.55
"2022-02-18 01:00:00",6.89,3.42,1.7
"2022-02-18 02:00:00",10.03,3.57,1.93
"2022-02-18 03:00:00",8.42,2.51,1.7
"2022-02-18 04:00:00",7.04,8.91,4.56
"2022-02-18 05:00:00",5.12,22.8,11.29
"2022-02-18 06:00:00",19.51,13.05,7.05
"2022-02-18 07:00:00",30,4.78,2.43
"2022-02-18 08:00:00",47.16,6.38,3.33
"2022-02-18 09:00:00",77.45,19.22,9.71
"2022-02-18 10:00:00",47.9,14.17,7.55
"2022-02-18 11:00:00",16.43,1.67,0.77
"2022-02-18 12:00:00",22.36,1.95,0.96
"2022-02-18 13:00:00",25.92,5.01,2.84
"2022-02-18 14:00:00",25.11,9.93,5.12
"2022-02-18 15:00:00",26.56,8.76,4.07
"2022-02-18 16:00:00",44.05,7.01,3.43
"2022-02-18 16:01:00",,,
"2022-02-18 17:01:00",,,
"2022-02-18 19:00:00",45.51,6.95,4.72
"2022-02-18 20:00:00",33.14,9.11,6.52
"2022-02-18 21:00:00",23.43,8.97,5.83
"2022-02-18 22:00:00",25.32,9.26,6.07
"2022-02-18 23:00:00",23.53,9.72,5.88
"2022-02-19 00:00:00",18.06,8.28,5.46
"2022-02-19 01:00:00",16.39,6.98,4.31
"2022-02-19 02:00:00",9.07,4.6,2.83
"2022-02-19 03:00:00",8.35,7.07,4.05
"2022-02-19 04:00:00",7.46,6.57,3.99
"2022-02-19 05:00:00",10.72,5.92,3.58
"2022-02-19 06:00:00",12.07,4.98,2.93
"2022-02-19 07:00:00",30.85,8.11,3.7
"2022-02-19 08:00:00",22.18,4.76,2.16
"2022-02-19 09:00:00",25.23,3.39,1.98
"2022-02-19 10:00:00",53.3,6.9,3.77
"2022-02-19 11:00:00",28.22,11.82,6.63
"2022-02-19 12:00:00",24.89,6.09,3.78
"2022-02-19 13:00:00",38.83,1.87,1.46
"2022-02-19 14:00:00",52.4,2.62,1.95
"2022-02-19 15:00:00",35.29,3.28,2.61
"2022-02-19 16:00:00",35.64,3.25,2.39
"2022-02-19 17:00:00",49.92,6.63,4.7
"2022-02-19 18:00:00",61.15,10.75,7.27
"2022-02-19 19:00:00",39,15.05,10.92
"2022-02-19 20:00:00",30.15,13.9,11.15
"2022-02-19 21:00:00",26.86,9.55,8.27
"2022-02-19 22:00:00",17.05,3.83,3.14
"2022-02-19 23:00:00",21.79,7.15,5.33
"2022-02-20 00:00:00",11.71,14.96,10.7
"2022-02-20 01:00:00",9.66,20.61,14.11
"2022-02-20 02:00:00",6.01,21.42,14.34
"2022-02-20 03:00:00",4.03,19.49,12.76
"2022-02-20 04:00:00",3.84,15.41,10.66
"2022-02-20 05:00:00",4.39,9,6.65
"2022-02-20 06:00:00",2.15,4.25,3.16
"2022-02-20 07:00:00",2.56,4.5,3.33
"2022-02-20 08:00:00",6.16,3.27,2.44
"2022-02-20 09:00:00",8.42,3.04,2.27
"2022-02-20 10:00:00",11.34,3.92,3
"2022-02-20 11:00:00",12.15,5.29,3.97
"2022-02-20 12:00:00",14.47,3.19,2.18
"2022-02-20 13:00:00",13.57,2.71,1.62
"2022-02-20 14:00:00",25.99,5.1,3.63
"2022-02-20 15:00:00",20.99,8.95,6.05
"2022-02-20 16:00:00",16.16,10.58,7.27
"2022-02-20 17:00:00",14.53,8.69,5.74
"2022-02-20 18:00:00",14.04,12.82,7.84
"2022-02-20 19:00:00",15.8,7.49,4.86
"2022-02-20 20:00:00",20.48,8.62,5.84
"2022-02-20 21:00:00",13.75,7.63,5.89
"2022-02-20 22:00:00",14.98,5.95,4.5
"2022-02-20 23:00:00",14.56,8.83,5.52
"2022-02-21 00:00:00",8.65,13.36,7.97
"2022-02-21 01:00:00",5.99,15.46,8.99
"2022-02-21 02:00:00",1.87,17.74,10.3
"2022-02-21 03:00:00",1.76,19.25,11.21
"2022-02-21 04:00:00",0.55,18.62,11.73
"2022-02-21 05:00:00",-0.1,16.58,11.12
"2022-02-21 06:00:00",1.36,14.53,9.87
"2022-02-21 07:00:00",9.28,14.4,9.66
"2022-02-21 08:00:00",23.26,16.47,10.83
"2022-02-21 09:00:00",27.86,20.08,13.33
"2022-02-21 10:00:00",20.64,20.28,13.33
"2022-02-21 11:00:00",22.63,22.68,14.28
"2022-02-21 12:00:00",25.81,23.37,14.21
"2022-02-21 13:00:00",26.59,20.32,12.54
"2022-02-21 14:00:00",32.63,19.95,11.33
"2022-02-21 15:00:00",43.8,19.46,10.04
"2022-02-21 16:00:00",37.83,21.66,10.36
"2022-02-21 17:00:00",51.07,29.43,13.11
"2022-02-21 18:00:00",72.89,36.19,18.17
"2022-02-21 19:00:00",69.14,40.46,20.99
"2022-02-21 20:00:00",54.92,38.94,22.15
"2022-02-21 21:00:00",24.88,31.82,18.24
"2022-02-21 22:00:00",29.81,24.31,13.8
"2022-02-21 23:00:00",23.74,16.46,9.52
"2022-02-22 00:00:00",11.93,12.26,8.16
"2022-02-22 01:00:00",12.51,13.55,8.64
"2022-02-22 02:00:00",7.35,12.54,8.02
"2022-02-22 03:00:00",5.64,12.61,7.78
"2022-02-22 04:00:00",4.63,12.8,7.72
"2022-02-22 05:00:00",3.36,13.53,8.11
"2022-02-22 06:00:00",9.49,14.71,8.77
"2022-02-22 07:00:00",22.14,13.74,8.52
"2022-02-22 08:00:00",42.47,5.78,3.2
"2022-02-22 09:00:00",57.97,5.87,3.4
"2022-02-22 10:00:00",44.02,9.51,5.19
"2022-02-22 11:00:00",27.88,12.23,7.49
"2022-02-22 12:00:00",27.38,13.4,7.03
"2022-02-22 13:00:00",34.99,12.77,6.92
"2022-02-22 14:00:00",27.47,10.18,5.51
"2022-02-22 15:00:00",38.18,12.74,5.74
"2022-02-22 16:00:00",38.49,11.76,4.83
"2022-02-22 17:00:00",41.46,13.39,5.66
"2022-02-22 18:00:00",56.38,12.33,6.42
"2022-02-22 19:00:00",50.92,12.6,6.69
"2022-02-22 20:00:00",44.5,12.64,7
"2022-02-22 21:00:00",33.08,15.97,8.82
"2022-02-22 22:00:00",26.26,17.39,9.76
"2022-02-22 23:00:00",23.67,19.09,10
"2022-02-23 00:00:00",18.31,19.32,9.68
"2022-02-23 01:00:00",12.36,21.32,9.95
"2022-02-23 02:00:00",5.61,18.27,9.06
"2022-02-23 03:00:00",12.51,13.64,7.36
"2022-02-23 04:00:00",7.53,12.68,6.39
"2022-02-23 05:00:00",4.2,10.6,5.52
"2022-02-23 06:00:00",12.65,9.15,5.07
"2022-02-23 07:00:00",22.78,10.51,5.28
"2022-02-23 08:00:00",29.91,9.2,4.61
"2022-02-23 09:00:00",31.18,13.06,5.26
"2022-02-23 10:00:00",24.63,13.61,4.79
"2022-02-23 11:00:00",16.91,18.18,4.69
"2022-02-23 12:00:00",18.53,22.28,6.21
"2022-02-23 13:00:00",18.75,22.02,5.6
"2022-02-23 14:00:00",21.61,19.86,7.16
"2022-02-23 15:00:00",27.19,25.58,6.95
"2022-02-23 16:00:00",32.8,18.29,6.7
"2022-02-23 17:00:00",44.13,9.89,5.65
"2022-02-23 18:00:00",46.61,9.85,5.9
"2022-02-23 19:00:00",52.45,11.25,7.27
"2022-02-23 20:00:00",26.54,6.87,4.62
"2022-02-23 21:00:00",23.55,5.12,3.85
"2022-02-23 22:00:00",23.29,6.04,4.15
"2022-02-23 23:00:00",18.49,7.88,4.92
"2022-02-24 00:00:00",25.51,10.87,6.13
"2022-02-24 01:00:00",15.28,13.67,6.87
"2022-02-24 02:00:00",4.63,9.4,5.52
"2022-02-24 03:00:00",7.36,8.72,5.09
"2022-02-24 04:00:00",6.19,8.06,4.71
"2022-02-24 05:00:00",4.33,6.54,3.39
"2022-02-24 06:00:00",16.99,3.3,1.86
"2022-02-24 07:00:00",33.7,3.71,1.65
"2022-02-24 08:00:00",46.98,3.51,1.82
"2022-02-24 09:00:00",49.43,3.06,1.75
"2022-02-24 10:00:00",42.51,6.13,2.58
"2022-02-24 11:00:00",33.33,5.58,2.43
"2022-02-24 12:00:00",27.66,5.5,3.01
"2022-02-24 13:00:00",31.4,7.91,3.71
"2022-02-24 14:00:00",30.38,9.2,4.48
"2022-02-24 15:00:00",32.87,11.48,5.34
"2022-02-24 16:00:00",31.88,12.97,5.88
"2022-02-24 17:00:00",36.8,10.38,4.8
"2022-02-24 18:00:00",47.46,9.29,5.55
"2022-02-24 19:00:00",49.62,17.31,8.89
"2022-02-24 20:00:00",34.39,12.67,8.18
"2022-02-24 21:00:00",26.45,11.23,7.64
"2022-02-24 22:00:00",21.09,7.5,4.91
"2022-02-24 23:00:00",23.79,6.73,4.51
"2022-02-25 00:00:00",19.85,5.47,3.92
"2022-02-25 01:00:00",10.29,8.75,5.23
"2022-02-25 02:00:00",8.07,8.34,5.02
"2022-02-25 03:00:00",7.45,9.39,5.39
"2022-02-25 04:00:00",10.16,8.76,4.92
"2022-02-25 05:00:00",8.68,8.68,4.99
"2022-02-25 06:00:00",21.47,11.4,6.26
"2022-02-25 07:00:00",49.74,13.42,7.41
"2022-02-25 08:00:00",64.76,13.72,7.82
"2022-02-25 09:00:00",80.71,17.49,8.87
"2022-02-25 10:00:00",72.61,21.57,10.41
"2022-02-25 11:00:00",50.74,19.94,9.29
"2022-02-25 12:00:00",50.69,19.83,8.94
"2022-02-25 13:00:00",44.18,21,9.01
"2022-02-25 13:01:00",,,
"2022-02-25 14:01:00",,,
"2022-02-25 15:00:00",5.67,23.6,8.33
"2022-02-25 16:00:00",34.76,20.09,7.31
"2022-02-25 17:00:00",40.02,17.52,7.33
"2022-02-25 18:00:00",44.27,18.55,7.88
"2022-02-25 19:00:00",40.39,15.02,8.77
"2022-02-25 20:00:00",27.35,12.87,8.05
"2022-02-25 21:00:00",24.64,11.88,7.27
"2022-02-25 22:00:00",21.98,8.6,5.7
"2022-02-25 23:00:00",17.59,6.42,3.84
"2022-02-26 00:00:00",20.37,6.72,3.61
"2022-02-26 01:00:00",15.75,4.92,2.78
"2022-02-26 02:00:00",10.01,7.05,3.03
"2022-02-26 03:00:00",10.5,6.83,3.25
"2022-02-26 04:00:00",7.46,6.47,2.86
"2022-02-26 05:00:00",8,6.32,2.67
"2022-02-26 06:00:00",7.71,5.85,2.7
"2022-02-26 07:00:00",10.98,4.44,2.35
"2022-02-26 08:00:00",10.49,6.12,2.96
"2022-02-26 09:00:00",14.52,8.16,3.52
"2022-02-26 10:00:00",14.39,9.27,3.78
"2022-02-26 11:00:00",12.98,11.14,4.24
"2022-02-26 12:00:00",13.89,11.75,4.13
"2022-02-26 13:00:00",14.48,15.55,5.88
"2022-02-26 14:00:00",14.09,14.49,6.31
"2022-02-26 15:00:00",15.99,15.11,7.11
"2022-02-26 16:00:00",15.71,12.04,6.55
"2022-02-26 17:00:00",14.63,14.45,7.88
"2022-02-26 18:00:00",14.69,17.17,9.2
"2022-02-26 19:00:00",18.97,20.17,10.81
"2022-02-26 20:00:00",18.28,20.79,11.36
"2022-02-26 21:00:00",15.28,21.11,11.42
"2022-02-26 22:00:00",13.07,19.65,11.02
"2022-02-26 23:00:00",10.84,19.7,10.68
"2022-02-27 00:00:00",11.07,19.76,11.16
"2022-02-27 01:00:00",11.28,18.89,10.66
"2022-02-27 02:00:00",9.88,20.2,10.52
"2022-02-27 03:00:00",9.01,21.06,10.74
"2022-02-27 04:00:00",9,19.93,10.65
"2022-02-27 05:00:00",8.48,20.28,10.41
"2022-02-27 06:00:00",7.95,19.25,10.61
"2022-02-27 07:00:00",7.87,20.77,11.21
"2022-02-27 08:00:00",10.43,22.96,12.12
"2022-02-27 09:00:00",10.04,23.37,12.31
"2022-02-27 10:00:00",10.33,21.95,11.68
"2022-02-27 11:00:00",9.9,21.92,11.79
"2022-02-27 12:00:00",12.27,23.28,12.29
"2022-02-27 13:00:00",12.1,23.31,12.1
"2022-02-27 14:00:00",11.63,23.54,12.24
"2022-02-27 15:00:00",14.02,19.33,11.09
"2022-02-27 16:00:00",15.97,18.38,11.05
"2022-02-27 17:00:00",17.46,10.42,7.08
"2022-02-27 18:00:00",27.29,8.13,4.8
"2022-02-27 19:00:00",25.77,11.44,4.66
"2022-02-27 20:00:00",19.84,12.01,6.05
"2022-02-27 21:00:00",20.37,13.64,5.91
"2022-02-27 22:00:00",19.87,10.51,5.35
"2022-02-27 23:00:00",12.81,7.68,4.47
"2022-02-28 00:00:00",13.06,9.47,4.19
"2022-02-28 01:00:00",8.57,4,2.39
"2022-02-28 02:00:00",6.37,1.17,0.87
"2022-02-28 03:00:00",5.8,0.59,0.41
"2022-02-28 04:00:00",7.56,1.31,0.6
"2022-02-28 05:00:00",7.88,1.27,0.57
"2022-02-28 06:00:00",18.01,1.15,0.36
"2022-02-28 07:00:00",55.61,6.84,2.56
"2022-02-28 08:00:00",65.15,12.01,5.58
"2022-02-28 09:00:00",69.47,28.96,14.47
"2022-02-28 10:00:00",59,19.89,8.79
"2022-02-28 11:00:00",53.69,17.15,8.85
"2022-02-28 12:00:00",55.33,21.14,9.97
"2022-02-28 13:00:00",56.44,23.77,12.04
"2022-02-28 14:00:00",59.53,23.05,11.83
"2022-02-28 15:00:00",66.73,16.22,9.16
"2022-02-28 16:00:00",67.94,15.44,8.44
"2022-02-28 17:00:00",70.68,18.34,11.5
"2022-02-28 18:00:00",73.29,18.9,10.58
"2022-02-28 19:00:00",86.13,15.99,8.63
"2022-02-28 20:00:00",86.55,17.38,10.78
"2022-02-28 21:00:00",70.12,25.04,17.13
"2022-02-28 22:00:00",65.27,30.55,23.43
"2022-02-28 23:00:00",67.49,30.7,24.36
"2022-03-01 00:00:00",67.73,31.28,25.32
"2022-03-01 01:00:00",56.62,31.52,25.25
"2022-03-01 02:00:00",47.44,24.89,20.8
"2022-03-01 03:00:00",43.17,22.74,18.54
"2022-03-01 04:00:00",44.48,20.75,16.84
"2022-03-01 05:00:00",40.57,19.49,14.91
"2022-03-01 06:00:00",64.84,17.73,12.97
"2022-03-01 07:00:00",72.7,20.14,14.14
"2022-03-01 08:00:00",75.01,22.65,16.32
"2022-03-01 09:00:00",85.19,25.21,16.75
"2022-03-01 10:00:00",116.98,33.2,20.62
"2022-03-01 11:00:00",77.99,27.25,15.32
"2022-03-01 12:00:00",37.13,23.68,10.26
"2022-03-01 13:00:00",23.38,22.03,7.27
"2022-03-01 14:00:00",21.08,16.9,6.32
"2022-03-01 15:00:00",29.49,22.77,7.19
"2022-03-01 16:00:00",26.29,21.35,7.49
"2022-03-01 17:00:00",34.16,22.19,7.64
"2022-03-01 18:00:00",39.16,19.49,7.26
"2022-03-01 19:00:00",62.42,19.82,8.76
"2022-03-01 20:00:00",59.46,22.4,11.21
"2022-03-01 21:00:00",51.19,19.48,10.83
"2022-03-01 22:00:00",36.53,16.59,8.57
"2022-03-01 23:00:00",35.88,19.02,9.47
"2022-03-02 00:00:00",41.01,19.47,11.17
"2022-03-02 01:00:00",28.41,20.16,12.26
"2022-03-02 02:00:00",18.94,19.39,12.64
"2022-03-02 03:00:00",17.6,19.16,11.85
"2022-03-02 04:00:00",19.14,17.75,10.18
"2022-03-02 05:00:00",12.31,15.02,8.27
"2022-03-02 06:00:00",9,10.77,5.99
"2022-03-02 07:00:00",17.44,6.51,4.45
"2022-03-02 08:00:00",27.98,6.55,3.7
"2022-03-02 09:00:00",35.61,8.48,3.68
"2022-03-02 10:00:00",36.53,9.03,4.13
"2022-03-02 11:00:00",32.02,10.11,4.79
"2022-03-02 12:00:00",24.59,7.04,3.84
"2022-03-02 13:00:00",26.42,6.13,3.55
"2022-03-02 14:00:00",26.75,4.7,2.9
"2022-03-02 15:00:00",24.79,3.81,2.23
"2022-03-02 16:00:00",26.28,4.64,3.11
"2022-03-02 17:00:00",25.88,5.36,3.23
"2022-03-02 18:00:00",27.51,5.98,4.39
"2022-03-02 19:00:00",33.6,6.27,4.91
"2022-03-02 20:00:00",27.04,12.35,8.33
"2022-03-02 21:00:00",20.19,5.1,4.12
"2022-03-02 22:00:00",15.04,7.31,5.12
"2022-03-02 23:00:00",11.68,5.41,4.08
"2022-03-03 00:00:00",10.39,2.42,1.88
"2022-03-03 01:00:00",11.6,0.76,0.6
"2022-03-03 02:00:00",14.57,2.91,1.68
"2022-03-03 03:00:00",10.66,4.88,2.5
"2022-03-03 04:00:00",9.29,9.43,4.26
"2022-03-03 05:00:00",9.58,12.4,5.5
"2022-03-03 06:00:00",27.48,16.09,6.73
"2022-03-03 07:00:00",83.42,19.22,8.44
"2022-03-03 08:00:00",83.31,20.06,9.05
"2022-03-03 09:00:00",87.34,18.79,8.58
"2022-03-03 10:00:00",67.02,19.29,8.82
"2022-03-03 11:00:00",61.05,20.28,8.42
"2022-03-03 12:00:00",55.16,18.95,7.55
"2022-03-03 13:00:00",60.74,19.4,6.91
"2022-03-03 14:00:00",48.23,16.37,5.8
"2022-03-03 15:00:00",64.56,16.52,5.88
"2022-03-03 16:00:00",79.39,17.83,6.3
"2022-03-03 17:00:00",96.43,20.95,7.65
"2022-03-03 18:00:00",75.19,21.26,8.86
"2022-03-03 19:00:00",76.93,19.05,9.04
"2022-03-03 20:00:00",64.43,21.45,11.83
"2022-03-03 21:00:00",49.68,15.35,8.4
"2022-03-03 22:00:00",58.27,13.02,8.13
"2022-03-03 23:00:00",45.31,12.16,8.93
"2022-03-04 00:00:00",44.16,10.71,7.92
"2022-03-04 01:00:00",32.83,7.87,5.73
"2022-03-04 02:00:00",20.51,5.84,4.5
"2022-03-04 03:00:00",15.66,5.63,3.57
"2022-03-04 04:00:00",16.25,5.91,3.67
"2022-03-04 05:00:00",19.99,5.9,3.81
"2022-03-04 06:00:00",25.83,8.2,4.45
"2022-03-04 07:00:00",46.04,9.34,4.95
"2022-03-04 08:00:00",63.74,11.67,5.87
"2022-03-04 09:00:00",59.76,12.64,5.51
"2022-03-04 10:00:00",55.31,16.5,6.01
"2022-03-04 11:00:00",43.99,15.92,5.67
"2022-03-04 12:00:00",50.05,15.07,5.09
"2022-03-04 13:00:00",47.93,13.26,4.66
"2022-03-04 14:00:00",46.83,14.23,4.05
"2022-03-04 15:00:00",42.63,16.84,4.37
"2022-03-04 16:00:00",46.71,10.33,3.04
"2022-03-04 17:00:00",67.38,11.38,3.35
"2022-03-04 18:00:00",72.59,12.08,3.66
"2022-03-04 19:00:00",71.53,10.77,4.01
"2022-03-04 20:00:00",70.24,13.91,7.22
"2022-03-04 21:00:00",78.04,20.42,11.3
"2022-03-04 22:00:00",73.25,26.15,17.03
"2022-03-04 23:00:00",62.88,19.62,13.78
"2022-03-05 00:00:00",62.21,20.67,14.41
"2022-03-05 01:00:00",59.6,24.23,17.51
"2022-03-05 02:00:00",51.81,18.66,14.5
"2022-03-05 03:00:00",52.59,18.99,14.32
"2022-03-05 04:00:00",45.03,18.65,13.77
"2022-03-05 05:00:00",40.5,16.59,12.22
"2022-03-05 06:00:00",36.88,16.14,11.07
"2022-03-05 07:00:00",39.28,12.09,8.19
"2022-03-05 08:00:00",53.49,12.12,7.89
"2022-03-05 09:00:00",57.41,12.96,7.74
"2022-03-05 10:00:00",40.33,13.93,6.68
"2022-03-05 11:00:00",49.05,15.4,5.95
"2022-03-05 12:00:00",49.07,10.97,4.6
"2022-03-05 13:00:00",40.69,10.17,4.13
"2022-03-05 14:00:00",59.41,8.22,3.74
"2022-03-05 15:00:00",59.07,8.92,3.85
"2022-03-05 16:00:00",41.76,8.58,3.8
"2022-03-05 17:00:00",51.08,8.02,3.82
"2022-03-05 18:00:00",46.3,8.65,4.34
"2022-03-05 19:00:00",69.79,13.13,7.41
"2022-03-05 20:00:00",102,30.9,21.15
"2022-03-05 21:00:00",79.75,35.03,23.96
"2022-03-05 22:00:00",71.27,30.18,20.91
"2022-03-05 23:00:00",77.88,43.44,32.95
"2022-03-06 00:00:00",72.52,47.36,34.81
"2022-03-06 01:00:00",75.31,49.63,40.85
"2022-03-06 02:00:00",68.45,44.71,37.5
"2022-03-06 03:00:00",57.51,40.62,34.42
"2022-03-06 04:00:00",53.04,37.71,32.04
"2022-03-06 05:00:00",48.19,31.4,27.08
"2022-03-06 06:00:00",44.55,28.55,24.84
"2022-03-06 07:00:00",41.25,26.79,23.76
"2022-03-06 08:00:00",50.6,27.35,24.04
"2022-03-06 09:00:00",52.16,29.44,25.54
"2022-03-06 10:00:00",53.53,40.67,27.43
"2022-03-06 11:00:00",31.32,27.6,10.47
"2022-03-06 12:00:00",17.21,12.34,4.6
"2022-03-06 13:00:00",17.52,10.83,4.34
"2022-03-06 14:00:00",18.48,9.65,4.11
"2022-03-06 15:00:00",19.53,9.5,4.19
"2022-03-06 16:00:00",15.9,8.28,3.84
"2022-03-06 17:00:00",17.12,8.26,4.01
"2022-03-06 18:00:00",16.4,8.21,4.14
"2022-03-06 19:00:00",15.6,9.52,4.95
"2022-03-06 20:00:00",46.99,18.84,10.13
"2022-03-06 21:00:00",92.32,34.79,19.24
"2022-03-06 22:00:00",80.35,30.19,19.74
"2022-03-06 23:00:00",81.74,42.92,31.79
"2022-03-07 00:00:00",76.06,45.03,34.67
"2022-03-07 01:00:00",77.89,49.34,39.63
"2022-03-07 02:00:00",72.85,48.91,40.47
"2022-03-07 03:00:00",66.56,44.65,36.62
"2022-03-07 04:00:00",52.65,33.61,28.11
"2022-03-07 05:00:00",12.79,7.97,4.86
"2022-03-07 06:00:00",11.95,8.28,4.44
"2022-03-07 07:00:00",19.51,9.95,4.8
"2022-03-07 08:00:00",32.21,11.29,4.84
"2022-03-07 09:00:00",30.12,13.97,5.1
"2022-03-07 10:00:00",16.52,16.79,5.24
"2022-03-07 11:00:00",15.63,16.51,5.14
"2022-03-07 12:00:00",11.88,17.64,4.98
"2022-03-07 13:00:00",11.33,20.04,5.91
"2022-03-07 14:00:00",10.63,20.05,5.61
"2022-03-07 15:00:00",11.31,15.89,5.1
"2022-03-07 16:00:00",11.86,13.61,4.61
"2022-03-07 17:00:00",16.26,13.74,5.35
"2022-03-07 18:00:00",15.15,12.3,5.32
"2022-03-07 19:00:00",20.64,13.59,6.93
"2022-03-07 20:00:00",18.54,13.6,7.89
"2022-03-07 21:00:00",16.98,13.68,8.38
"2022-03-07 22:00:00",12.02,13.41,7.23
"2022-03-07 23:00:00",10.84,14.99,8.14
"2022-03-08 00:00:00",10.94,19.58,11.02
"2022-03-08 01:00:00",10.83,24.13,16.69
"2022-03-08 02:00:00",9.97,36.34,25.73
"2022-03-08 03:00:00",9.56,34.67,26.09
"2022-03-08 04:00:00",8.99,35.82,27.72
"2022-03-08 05:00:00",8.95,38.33,29.65
"2022-03-08 06:00:00",8.36,41.35,29.88
"2022-03-08 07:00:00",11.27,41.56,29.59
"2022-03-08 08:00:00",17.7,44.44,31.3
"2022-03-08 09:00:00",18.78,57.77,33.38
"2022-03-08 10:00:00",18.5,48.88,32.13
"2022-03-08 11:00:00",17.56,49.42,31.57
"2022-03-08 12:00:00",15.01,37.13,27.72
"2022-03-08 13:00:00",18.85,29.47,22.42
"2022-03-08 14:00:00",14.35,17.06,14.2
"2022-03-08 15:00:00",15.81,6.72,4.63
"2022-03-08 16:00:00",14.11,16.31,6.71
"2022-03-08 17:00:00",25.15,12.93,5.61
"2022-03-08 18:00:00",30.7,6.99,3.72
"2022-03-08 19:00:00",29.67,13.05,7.29
"2022-03-08 20:00:00",22.85,16.27,8.99
"2022-03-08 21:00:00",25.97,16.26,9.99
"2022-03-08 22:00:00",20.83,18.66,10.57
"2022-03-08 23:00:00",13.14,17.14,8.87
"2022-03-09 00:00:00",9.87,16.27,8.32
"2022-03-09 01:00:00",7.85,14.93,7.65
"2022-03-09 02:00:00",6.13,13.39,6.73
"2022-03-09 03:00:00",5.93,12.63,6.54
"2022-03-09 04:00:00",4.9,12.38,6.51
"2022-03-09 05:00:00",5.9,11.22,6.15
"2022-03-09 06:00:00",6.8,13.84,7.36
"2022-03-09 07:00:00",9.35,13.04,7.03
"2022-03-09 08:00:00",16.03,11.48,6.46
"2022-03-09 09:00:00",20.47,11.86,6.67
"2022-03-09 10:00:00",16.85,7.92,4.31
"2022-03-09 11:00:00",18.56,5.81,3.17
"2022-03-09 12:00:00",17.39,4.18,2.23
"2022-03-09 13:00:00",36.31,5.53,2.52
"2022-03-09 14:00:00",53.86,4.06,2.11
"2022-03-09 15:00:00",57.14,3.4,1.89
"2022-03-09 16:00:00",72.35,4.75,2.61
"2022-03-09 17:00:00",73.76,4.42,2.56
"2022-03-09 18:00:00",75.1,4.42,2.95
"2022-03-09 19:00:00",73.7,4.03,3.03
"2022-03-09 20:00:00",69.8,7.78,6.24
"2022-03-09 21:00:00",54.2,7.84,6.52
"2022-03-09 22:00:00",53.22,11.33,9.82
"2022-03-09 23:00:00",49.03,10.16,8.96
"2022-03-10 00:00:00",47.27,11.93,10.81
"2022-03-10 01:00:00",45.53,9.15,8.55
"2022-03-10 02:00:00",24.08,10.18,9.51
"2022-03-10 03:00:00",21,8.02,7.52
"2022-03-10 04:00:00",12.93,7.2,6.37
"2022-03-10 05:00:00",14.41,6.83,6.08
"2022-03-10 06:00:00",23.27,5.88,5.34
"2022-03-10 07:00:00",53.21,5.97,4.94
"2022-03-10 08:00:00",64.93,7.82,5.79
"2022-03-10 09:00:00",60.49,8.36,5.24
"2022-03-10 10:00:00",41.87,9.91,3.98
"2022-03-10 11:00:00",32.92,8.53,3.86
"2022-03-10 12:00:00",24.97,11.14,4.57
"2022-03-10 13:00:00",24.88,13.32,5.76
"2022-03-10 14:00:00",17.07,13.2,4.2
"2022-03-10 15:00:00",16.75,12.64,4.77
"2022-03-10 16:00:00",19.03,16.34,4.67
"2022-03-10 17:00:00",12,11.43,4.42
"2022-03-10 18:00:00",14.4,11.28,4.67
"2022-03-10 19:00:00",14.38,12.48,5.91
"2022-03-10 20:00:00",15.48,12.27,6.15
"2022-03-10 21:00:00",13.73,12.17,6
"2022-03-10 22:00:00",11.43,12.49,5.95
"2022-03-10 23:00:00",9.74,13.34,6.62
"2022-03-11 00:00:00",7.72,13.31,7.19
"2022-03-11 01:00:00",6.98,11.43,6.26
"2022-03-11 02:00:00",6.36,16.46,8.45
"2022-03-11 03:00:00",6.38,14.78,8.34
"2022-03-11 04:00:00",6.62,15.36,8.79
"2022-03-11 05:00:00",6.83,14.96,8.31
"2022-03-11 06:00:00",8.68,14.95,9.18
"2022-03-11 07:00:00",12.31,17.05,10.24
"2022-03-11 08:00:00",20.06,15.91,8.35
"2022-03-11 09:00:00",22.41,14.5,9.42
"2022-03-11 10:00:00",20.04,13.5,8.51
"2022-03-11 11:00:00",21.43,14.02,7.78
"2022-03-11 12:00:00",24.57,11.67,6.31
"2022-03-11 13:00:00",21.93,10.87,6.68
"2022-03-11 14:00:00",32.39,6.95,4.31
"2022-03-11 15:00:00",38.27,4.01,2.16
"2022-03-11 16:00:00",28.06,4.46,2.37
"2022-03-11 17:00:00",43.2,5.64,2.91
"2022-03-11 18:00:00",45.05,8.01,4.09
"2022-03-11 19:00:00",76.5,6.38,4.31
"2022-03-11 20:00:00",47.16,20.08,17.21
"2022-03-11 21:00:00",45.72,11.1,9.67
"2022-03-11 22:00:00",35.66,14.13,12.65
"2022-03-11 23:00:00",56.07,11.16,9.37
"2022-03-12 00:00:00",43.93,9.67,8.68
"2022-03-12 01:00:00",36.21,7.44,5.03
"2022-03-12 02:00:00",25.61,6.25,4.37
"2022-03-12 03:00:00",31.44,6.25,3.87
"2022-03-12 04:00:00",34.34,7.29,3.96
"2022-03-12 05:00:00",19.56,5.9,3.68
"2022-03-12 06:00:00",16.96,6.54,4
"2022-03-12 07:00:00",25.91,7.7,4.86
"2022-03-12 08:00:00",33.78,5.17,3.49
"2022-03-12 09:00:00",40.56,5.39,2.42
"2022-03-12 10:00:00",38.25,7.01,3.01
"2022-03-12 11:00:00",30.44,7.35,3.45
"2022-03-12 12:00:00",23.64,9.56,4.04
"2022-03-12 13:00:00",15.96,9.34,4.05
"2022-03-12 14:00:00",11.29,8.76,4.15
"2022-03-12 15:00:00",13.74,12.7,5.95
"2022-03-12 16:00:00",13.51,16.53,7.71
"2022-03-12 17:00:00",14.06,10.4,5.87
"2022-03-12 18:00:00",14.86,9.01,5.1
"2022-03-12 19:00:00",9.87,12.27,7.42
"2022-03-12 20:00:00",8.47,12.59,7.88
"2022-03-12 21:00:00",8.88,15.44,9.1
"2022-03-12 22:00:00",8.85,14.35,8
"2022-03-12 23:00:00",7.74,14.99,7.95
"2022-03-13 00:00:00",7.19,15.72,8.73
"2022-03-13 01:00:00",6.19,11.87,6.6
"2022-03-13 02:00:00",5.99,21.28,12.29
"2022-03-13 03:00:00",5.76,30.15,16.38
"2022-03-13 04:00:00",4.88,23.2,14.59
"2022-03-13 05:00:00",4.51,24.15,14.33
"2022-03-13 06:00:00",4.4,22.97,13.71
"2022-03-13 07:00:00",4.73,14.68,8.77
"2022-03-13 08:00:00",6.66,12.2,7.57
"2022-03-13 09:00:00",7.68,5.03,3.07
"2022-03-13 10:00:00",11.07,3.52,1.93
"2022-03-13 11:00:00",11.18,4.75,2.54
"2022-03-13 12:00:00",13.94,5.58,2.86
"2022-03-13 13:00:00",21.28,5.35,3.11
"2022-03-13 14:00:00",17.06,5.78,2.82
"2022-03-13 15:00:00",18.5,4.67,1.76
"2022-03-13 16:00:00",19.67,4.77,1.99
"2022-03-13 17:00:00",24.22,7.13,3.02
"2022-03-13 18:00:00",26.87,9.12,4.02
"2022-03-13 19:00:00",30.8,9.49,4.9
"2022-03-13 20:00:00",31.74,13.19,7.15
"2022-03-13 21:00:00",23.98,14.36,7.34
"2022-03-13 22:00:00",23.66,14.14,6.3
"2022-03-13 23:00:00",13.1,13.21,6.25
"2022-03-14 00:00:00",15.77,14.92,6.6
"2022-03-14 01:00:00",8.81,14.42,6.49
"2022-03-14 02:00:00",9.98,13.65,6.5
"2022-03-14 03:00:00",7.36,13.67,6.25
"2022-03-14 04:00:00",6,13.69,6.03
"2022-03-14 05:00:00",3.97,13.24,6.06
"2022-03-14 06:00:00",8.82,12.27,5.57
"2022-03-14 07:00:00",38.46,12.09,5.49
"2022-03-14 08:00:00",42.86,14.01,6.04
"2022-03-14 09:00:00",44.59,19.56,8.9
"2022-03-14 10:00:00",40.09,12.38,5.84
"2022-03-14 11:00:00",37.68,8.88,4.68
"2022-03-14 12:00:00",38.92,8.41,4.25
"2022-03-14 13:00:00",39.88,6.3,3.73
"2022-03-14 14:00:00",37.71,8.45,4.02
"2022-03-14 15:00:00",39.54,8.85,4.25
"2022-03-14 16:00:00",43.75,10.57,4.43
"2022-03-14 17:00:00",53.37,12.72,4.9
"2022-03-14 18:00:00",50.74,18.37,6.47
"2022-03-14 19:00:00",64.4,21.72,11.31
"2022-03-14 20:00:00",87.03,37.19,20.81
"2022-03-14 21:00:00",63.65,41.86,30.99
"2022-03-14 22:00:00",83.8,39.17,28.41
"2022-03-14 23:00:00",67.93,33.38,24.52
"2022-03-15 00:00:00",59.08,26.85,18.68
"2022-03-15 01:00:00",61.88,22.73,15.17
"2022-03-15 02:00:00",48.19,14.89,8.87
"2022-03-15 03:00:00",60.25,12.36,6.98
"2022-03-15 04:00:00",85.67,11.27,6.21
"2022-03-15 05:00:00",60.79,8.69,4.05
"2022-03-15 06:00:00",83.94,8.61,3.64
"2022-03-15 07:00:00",94.28,10.13,3.88
"2022-03-15 08:00:00",113.51,22.2,6.64
"2022-03-15 09:00:00",40.79,14.69,3.91
"2022-03-15 10:00:00",55.84,10.04,3.46
"2022-03-15 11:00:00",36.99,13.55,3.91
"2022-03-15 12:00:00",32.75,13.19,4.27
"2022-03-15 13:00:00",37.41,20.13,6.26
"2022-03-15 14:00:00",32.33,16.83,5.59
"2022-03-15 15:00:00",32.5,16.01,5.35
"2022-03-15 16:00:00",38.77,17.42,5.73
"2022-03-15 17:00:00",43.06,24.53,6.71
"2022-03-15 18:00:00",34.39,15.06,5.66
"2022-03-15 19:00:00",34.59,12.32,6.01
"2022-03-15 20:00:00",26.05,12.21,7.31
"2022-03-15 21:00:00",24.13,10.99,7.07
"2022-03-15 22:00:00",21.17,9.84,5.99
"2022-03-15 23:00:00",20.56,8.95,4.87
"2022-03-16 00:00:00",18.16,7.73,4.12
"2022-03-16 01:00:00",22.02,5.8,3.74
"2022-03-16 02:00:00",13.19,4.45,3.5
"2022-03-16 03:00:00",12.51,3.14,2.51
"2022-03-16 04:00:00",24.95,4.72,3.72
"2022-03-16 05:00:00",18.26,6.41,5.44
"2022-03-16 06:00:00",30.53,6.75,5.49
"2022-03-16 07:00:00",66.47,11.31,7.41
"2022-03-16 08:00:00",70.77,11.9,8.52
"2022-03-16 09:00:00",62.44,11.81,8.39
"2022-03-16 10:00:00",55.86,11.29,7.23
"2022-03-16 11:00:00",48.62,10.17,6.11
"2022-03-16 12:00:00",43.99,13.35,5.28
"2022-03-16 13:00:00",50.66,16.36,5.22
"2022-03-16 14:00:00",51.01,19.11,5.61
"2022-03-16 15:00:00",41.66,13.81,4.34
"2022-03-16 16:00:00",54.26,12.8,4.31
"2022-03-16 17:00:00",79.54,13.87,4.92
"2022-03-16 18:00:00",75.26,17.9,6.24
"2022-03-16 19:00:00",91.76,24.7,7.5
"2022-03-16 20:00:00",78.81,22.88,8.16
"2022-03-16 21:00:00",82.8,34.65,14.45
"2022-03-16 22:00:00",79.98,31.8,17.82
"2022-03-16 23:00:00",76.14,35.17,21.64
"2022-03-17 00:00:00",70.92,31.47,20.58
"2022-03-17 01:00:00",66.6,30.44,17.71
"2022-03-17 02:00:00",55.34,24.26,15.58
"2022-03-17 03:00:00",53.37,16.12,10.82
"2022-03-17 04:00:00",24.49,7.99,4.89
"2022-03-17 05:00:00",15.64,4.46,2.66
"2022-03-17 06:00:00",17.75,4.84,1.81
"2022-03-17 07:00:00",12.92,6.13,2.03
"2022-03-17 08:00:00",25.29,4.57,2.11
"2022-03-17 09:00:00",16.25,10.02,3.22
"2022-03-17 10:00:00",13.92,10.57,4.1
"2022-03-17 11:00:00",15.98,11.59,5.26
"2022-03-17 12:00:00",18.35,13.61,6.24
"2022-03-17 13:00:00",22.86,13.37,6.63
"2022-03-17 14:00:00",17.48,15.53,7.5
"2022-03-17 15:00:00",20.63,16.08,7.21
"2022-03-17 16:00:00",24.99,17.02,7.08
"2022-03-17 17:00:00",26.23,15.93,7.36
"2022-03-17 18:00:00",33.85,10.13,4.5
"2022-03-17 19:00:00",62.23,10.3,4.45
"2022-03-17 20:00:00",82.06,17.6,9.35
"2022-03-17 21:00:00",79.45,25.52,17.13
"2022-03-17 22:00:00",71.52,38.95,26.98
"2022-03-17 23:00:00",66.91,31.83,21.11
"2022-03-18 00:00:00",65.53,32.41,21.54
"2022-03-18 01:00:00",69.28,29.97,18.02
"2022-03-18 02:00:00",59.45,28.05,17.03
"2022-03-18 03:00:00",66.77,25.55,15.74
"2022-03-18 04:00:00",72.27,40.49,31.79
"2022-03-18 05:00:00",47.98,22.4,13.71
"2022-03-18 06:00:00",41.38,19.83,12.35
"2022-03-18 07:00:00",55.12,21.78,13.65
"2022-03-18 08:00:00",83.38,34.68,16.06
"2022-03-18 09:00:00",72.3,26.44,13.71
"2022-03-18 10:00:00",17.3,15.91,8.74
"2022-03-18 11:00:00",10.41,9.64,6.65
"2022-03-18 12:00:00",11.96,7.36,4.67
"2022-03-18 13:00:00",18.46,15.75,8.91
"2022-03-18 14:00:00",10.07,12.66,7.66
"2022-03-18 15:00:00",10.39,10.57,6.79
"2022-03-18 16:00:00",9.22,9.89,6.47
"2022-03-18 17:00:00",19.07,10.46,6.18
"2022-03-18 18:00:00",14.04,8.54,5.3
"2022-03-18 19:00:00",14.45,8.33,5.33
"2022-03-18 20:00:00",25.5,10.96,6.52
"2022-03-18 21:00:00",24.91,15,9.42
"2022-03-18 22:00:00",19.35,16.91,12.38
"2022-03-18 23:00:00",27.51,18.4,13.67
"2022-03-19 00:00:00",21.4,17.1,12.68
"2022-03-19 01:00:00",19.25,13.46,10.08
"2022-03-19 02:00:00",12.84,10.92,7.8
"2022-03-19 03:00:00",11.53,10.52,7.62
"2022-03-19 04:00:00",9.83,9.89,6.65
"2022-03-19 05:00:00",8.32,9.51,5.89
"2022-03-19 06:00:00",11.44,12.12,6.42
"2022-03-19 07:00:00",17.19,13.06,7.39
"2022-03-19 08:00:00",19.71,17.93,11.58
"2022-03-19 09:00:00",17.16,23.86,15.95
"2022-03-19 10:00:00",19.16,19.84,14.24
"2022-03-19 11:00:00",18.94,16.92,10.79
"2022-03-19 12:00:00",16,13.78,8.49
"2022-03-19 13:00:00",13.07,11.89,6.87
"2022-03-19 14:00:00",15.02,10.53,6.17
"2022-03-19 15:00:00",20.17,12.33,6.74
"2022-03-19 16:00:00",27.53,12.82,6.89
"2022-03-19 17:00:00",31,13.22,7.94
"2022-03-19 18:00:00",35.96,14.34,8.2
"2022-03-19 19:00:00",35.76,16.14,9.25
"2022-03-19 20:00:00",23.32,19.12,11.22
"2022-03-19 21:00:00",20.96,16.68,9.32
"2022-03-19 22:00:00",17.58,17.29,9.14
"2022-03-19 23:00:00",12.57,16,8.59
"2022-03-20 00:00:00",12.11,18.59,12.01
"2022-03-20 01:00:00",11.85,16.63,10.2
"2022-03-20 02:00:00",11.84,18.2,10.25
"2022-03-20 03:00:00",11.69,20.13,10.88
"2022-03-20 04:00:00",11.56,21.59,11.01
"2022-03-20 05:00:00",11.34,22,11.26
"2022-03-20 06:00:00",9.94,21.34,10.73
"2022-03-20 07:00:00",9.65,21.42,10.47
"2022-03-20 08:00:00",12.78,21.26,10.61
"2022-03-20 09:00:00",14.81,24.26,11.46
"2022-03-20 10:00:00",13.6,20.39,10.93
"2022-03-20 11:00:00",13.71,19.64,11.53
"2022-03-20 12:00:00",12.23,20.82,12.55
"2022-03-20 13:00:00",13.3,20.49,12.6
"2022-03-20 14:00:00",18.6,21.81,13.1
"2022-03-20 15:00:00",16.69,19.55,12.38
"2022-03-20 16:00:00",16.7,18.53,11.7
"2022-03-20 17:00:00",20.98,18.26,11.01
"2022-03-20 18:00:00",23.65,16.15,10.47
"2022-03-20 19:00:00",35.95,19.02,11.46
"2022-03-20 20:00:00",28.87,20.73,12.73
"2022-03-20 21:00:00",19.95,19.02,13.08
"2022-03-20 22:00:00",23.32,18.86,13.25
"2022-03-20 23:00:00",22.41,19.28,12.81
"2022-03-21 00:00:00",17.47,16.6,11.53
"2022-03-21 01:00:00",57.13,20.13,12.33
"2022-03-21 02:00:00",21.04,16.53,9.88
"2022-03-21 03:00:00",10.44,14.65,9.23
"2022-03-21 04:00:00",10.71,14.93,9.42
"2022-03-21 05:00:00",9.33,16.46,10.25
"2022-03-21 06:00:00",14.5,17.64,12.03
"2022-03-21 07:00:00",19.29,19.96,12.53
"2022-03-21 08:00:00",36.73,22.95,15.38
"2022-03-21 09:00:00",41.02,33.3,19.78
"2022-03-21 10:00:00",25.99,30.48,19.36
"2022-03-21 11:00:00",23.69,28.67,19.47
"2022-03-21 12:00:00",29.27,31.35,20.34
"2022-03-21 13:00:00",30.22,35.11,21.4
"2022-03-21 14:00:00",24.67,30.76,20.18
"2022-03-21 15:00:00",31.98,33.16,20.17
"2022-03-21 16:00:00",36.43,38.03,22.73
"2022-03-21 17:00:00",40.68,36.12,23.78
"2022-03-21 18:00:00",43.06,35.65,24.65
"2022-03-21 19:00:00",48.63,34.74,25.57
"2022-03-21 20:00:00",59.65,32.11,23.75
"2022-03-21 21:00:00",65.89,33.76,24.42
"2022-03-21 22:00:00",73.18,35.63,25.63
"2022-03-21 23:00:00",49.24,35.49,25.04
"2022-03-22 00:00:00",37.53,34.43,25.12
"2022-03-22 01:00:00",24.8,33.32,24.46
"2022-03-22 02:00:00",14.78,33.54,25.92
"2022-03-22 03:00:00",14.19,32.6,25.7
"2022-03-22 04:00:00",22.45,34.76,27.95
"2022-03-22 05:00:00",19.85,39.61,32.88
"2022-03-22 06:00:00",17.54,37.28,31.74
"2022-03-22 07:00:00",30.21,37.67,31.6
"2022-03-22 08:00:00",40.51,38.45,31.41
"2022-03-22 09:00:00",32.18,30.19,21.66
"2022-03-22 10:00:00",23.93,28.17,18.71
"2022-03-22 11:00:00",21.2,30.36,17.82
"2022-03-22 12:00:00",24.79,32.41,18.17
"2022-03-22 13:00:00",28.43,31.52,18.94
"2022-03-22 14:00:00",28.08,31.02,19.53
"2022-03-22 15:00:00",22.84,31.56,17.17
"2022-03-22 16:00:00",27.27,30.88,17.54
"2022-03-22 17:00:00",54.98,32.78,19.84
"2022-03-22 18:00:00",72.53,34.29,20.66
"2022-03-22 19:00:00",79.81,34.6,21.16
"2022-03-22 20:00:00",91.35,37.57,23.5
"2022-03-22 21:00:00",92.97,38.92,25.77
"2022-03-22 22:00:00",40.41,29.7,21.23
"2022-03-22 23:00:00",64.52,29.38,21.44
"2022-03-23 00:00:00",87.36,31.52,22.71
"2022-03-23 01:00:00",91.78,29.18,20.82
"2022-03-23 02:00:00",19.28,21.11,14.33
"2022-03-23 03:00:00",32.96,22.69,15.32
"2022-03-23 04:00:00",39.96,23.85,15.65
"2022-03-23 05:00:00",49.25,25.47,16.52
"2022-03-23 06:00:00",52.39,26.24,17.17
"2022-03-23 07:00:00",92.33,28.88,18.14
"2022-03-23 08:00:00",98.93,32.03,19.94
"2022-03-23 09:00:00",66.11,38.61,21.16
"2022-03-23 10:00:00",57.24,39.45,21.74
"2022-03-23 10:01:00",
"2022-03-23 11:00:00",,37.36,21.72
"2022-03-23 11:01:00",
"2022-03-23 12:00:00",,41.78,22.05
"2022-03-23 13:00:00",35.98,37.37,21.21
"2022-03-23 14:00:00",26.09,31.91,17.6
"2022-03-23 15:00:00",29.46,27.07,13.77
"2022-03-23 16:00:00",56.43,45.57,20.5
"2022-03-23 17:00:00",71.01,45.89,22.97
"2022-03-23 18:00:00",43.9,30.95,13.11
"2022-03-23 19:00:00",33.28,27.6,14.77
"2022-03-23 20:00:00",35.72,27.54,16.72
"2022-03-23 21:00:00",49.03,26.99,18.69
"2022-03-23 22:00:00",100.34,41.26,24.82
"2022-03-23 23:00:00",90.33,46.65,29.76
"2022-03-24 00:00:00",87.96,54.17,36.3
"2022-03-24 01:00:00",78.76,47.48,33.05
"2022-03-24 02:00:00",67.65,36.61,24.69
"2022-03-24 03:00:00",69.88,40.78,28.33
"2022-03-24 04:00:00",57.79,33.24,22.6
"2022-03-24 05:00:00",50.83,29.64,19.93
"2022-03-24 06:00:00",54.71,27.55,18.9
"2022-03-24 07:00:00",82.89,35.32,20.15
"2022-03-24 08:00:00",77.18,38.37,21.66
"2022-03-24 09:00:00",79.84,38.96,21.26
"2022-03-24 10:00:00",86.93,78.37,28.82
"2022-03-24 11:00:00",73.09,40.92,21.03
"2022-03-24 12:00:00",58.24,42.4,19.92
"2022-03-24 13:00:00",58.4,39.88,18.6
"2022-03-24 14:00:00",78.3,45.3,21.93
"2022-03-24 15:00:00",60.64,32.04,17.27
"2022-03-24 16:00:00",71.19,43.52,20.58
"2022-03-24 17:00:00",95.83,55.72,27.04
"2022-03-24 18:00:00",124.35,63.49,30.98
"2022-03-24 19:00:00",131.63,57.62,29.58
"2022-03-24 20:00:00",115.23,43.66,27.7
"2022-03-24 21:00:00",97.29,43.92,31.38
"2022-03-24 22:00:00",106.98,55.12,37.71
"2022-03-24 23:00:00",91.14,45.78,32.09
"2022-03-25 00:00:00",95.74,46.44,32.59
"2022-03-25 01:00:00",84.75,46.01,30.75
"2022-03-25 02:00:00",82.13,47.15,31.59
"2022-03-25 03:00:00",59.58,47.78,31.56
"2022-03-25 04:00:00",54.02,41.6,30.01
"2022-03-25 05:00:00",42.12,39.59,29.99
"2022-03-25 06:00:00",49.33,37.56,28.86
"2022-03-25 07:00:00",57.66,40.21,29.61
"2022-03-25 08:00:00",70.82,50.27,32.85
"2022-03-25 09:00:00",81.43,56.37,40.17
"2022-03-25 10:00:00",57.81,49.19,34.66
"2022-03-25 11:00:00",60.49,40.6,27.65
"2022-03-25 12:00:00",56.29,48.76,29.81
"2022-03-25 13:00:00",56.63,51.29,32.61
"2022-03-25 14:00:00",53.09,44.78,30.46
"2022-03-25 15:00:00",61.21,45.69,28.62
"2022-03-25 16:00:00",72.76,48.56,31.43
"2022-03-25 17:00:00",78.56,47.45,31.93
"2022-03-25 18:00:00",86.67,45.24,30.64
"2022-03-25 19:00:00",98.49,45.58,31.9
"2022-03-25 20:00:00",86.62,43.51,32.53
"2022-03-25 21:00:00",100.41,48.46,38.28
"2022-03-25 22:00:00",84.34,55.96,47.31
"2022-03-25 23:00:00",97.16,61.76,48.07
"2022-03-26 00:00:00",90.94,60.62,49.9
"2022-03-26 01:00:00",65.54,62.27,51.3
"2022-03-26 02:00:00",61.15,61.1,53.12
"2022-03-26 03:00:00",54.73,56.96,50.75
"2022-03-26 04:00:00",50.72,58.85,53.33
"2022-03-26 05:00:00",51.88,55.33,50.79
"2022-03-26 06:00:00",63.21,51.81,46.2
"2022-03-26 07:00:00",59.46,55.94,50.49
"2022-03-26 08:00:00",62.52,65.62,50.79
"2022-03-26 09:00:00",88.74,68.06,54.1
"2022-03-26 10:00:00",54.33,77.17,64.58
"2022-03-26 11:00:00",50.31,72.83,58.51
"2022-03-26 12:00:00",41.89,63.19,49.48
"2022-03-26 13:00:00",34,52.47,36.67
"2022-03-26 14:00:00",29.39,52.46,38.43
"2022-03-26 15:00:00",35.26,57.49,41.02
"2022-03-26 16:00:00",37.12,57.15,40.49
"2022-03-26 17:00:00",33.35,39.33,24.27
"2022-03-26 18:00:00",33.6,39.43,28.88
"2022-03-26 19:00:00",45.3,43.25,32.47
"2022-03-26 20:00:00",63.5,51.93,36.87
"2022-03-26 21:00:00",86.61,52.7,37.23
"2022-03-26 22:00:00",98.53,55.93,39.16
"2022-03-26 23:00:00",89.63,50.54,35.51
"2022-03-27 00:00:00",90.09,54.87,39.67
"2022-03-27 00:01:00",,,
"2022-03-27 02:01:00",,,
"2022-03-27 03:00:00",83.93,55.79,42.7
"2022-03-27 04:00:00",72.18,54.95,43.39
"2022-03-27 05:00:00",66.4,55.86,45.52
"2022-03-27 06:00:00",57.47,55.12,44.21
"2022-03-27 07:00:00",53.46,50.82,42.02
"2022-03-27 08:00:00",64.25,46.92,39.72
"2022-03-27 09:00:00",59.17,47.95,37.83
"2022-03-27 10:00:00",82.05,52.28,38.73
"2022-03-27 11:00:00",64.39,43.94,33.24
"2022-03-27 12:00:00",37.04,34.96,29.09
"2022-03-27 13:00:00",27.45,34.27,27.98
"2022-03-27 14:00:00",30.67,32,26.54
"2022-03-27 15:00:00",31.01,28.8,23.31
"2022-03-27 16:00:00",33.66,31.53,24.54
"2022-03-27 17:00:00",33.78,27.59,22.54
"2022-03-27 18:00:00",37.86,26.94,21.02
"2022-03-27 19:00:00",44.32,27.54,21.84
"2022-03-27 20:00:00",44.28,28.6,23.96
"2022-03-27 21:00:00",39.79,25.89,22.15
"2022-03-27 22:00:00",50.76,26.31,22.75
"2022-03-27 23:00:00",78.01,27.29,22.57
"2022-03-28 00:00:00",93.85,37.02,29.75
"2022-03-28 01:00:00",78.78,36.45,28.75
"2022-03-28 02:00:00",77.48,34.81,29.4
"2022-03-28 03:00:00",60.31,34.15,28.84
"2022-03-28 04:00:00",50.97,33.81,29.79
"2022-03-28 05:00:00",42.24,34.12,30.49
"2022-03-28 06:00:00",43.36,35.92,29.45
"2022-03-28 07:00:00",55.11,36.36,30.32
"2022-03-28 08:00:00",66.75,30.58,25.51
"2022-03-28 09:00:00",75.03,23.74,17.94
"2022-03-28 10:00:00",79.96,38.63,18.79
"2022-03-28 11:00:00",87.69,33.59,19.86
"2022-03-28 12:00:00",80.93,51.69,26.8
"2022-03-28 13:00:00",69.84,56.57,24.77
"2022-03-28 14:00:00",50.75,32.66,21.09
"2022-03-28 15:00:00",53.41,35.99,21.94
"2022-03-28 16:00:00",52.31,31.12,19.38
"2022-03-28 17:00:00",39.03,29.52,18.25
"2022-03-28 18:00:00",39.5,25.42,19.42
"2022-03-28 19:00:00",48.25,25.75,20.01
"2022-03-28 20:00:00",63.74,31.54,26.21
"2022-03-28 21:00:00",71.02,29.75,23.37
"2022-03-28 22:00:00",61.5,30.39,24.08
"2022-03-28 23:00:00",69.03,38.65,29.2
"2022-03-29 00:00:00",61.53,37.58,28.28
"2022-03-29 01:00:00",66.29,36.37,29.69
"2022-03-29 02:00:00",53.71,33.72,29.46
"2022-03-29 03:00:00",22.99,27.1,25.28
"2022-03-29 04:00:00",23.43,26.31,24.07
"2022-03-29 05:00:00",33.06,27.97,25.86
"2022-03-29 06:00:00",29.58,23.92,21.62
"2022-03-29 07:00:00",58.09,25.07,22.29
"2022-03-29 08:00:00",67.3,24.93,19.55
"2022-03-29 09:00:00",68.33,29.76,21.08
"2022-03-29 10:00:00",67.9,43.53,23.72
"2022-03-29 11:00:00",57.14,34.42,21.07
"2022-03-29 12:00:00",52.92,34.72,21.92
"2022-03-29 13:00:00",54.08,35.69,25.81
"2022-03-29 14:00:00",47.21,40.23,31.08
"2022-03-29 15:00:00",67.46,51.99,40.76
"2022-03-29 16:00:00",36.72,57.54,46.65
"2022-03-29 17:00:00",37.26,57.3,45.12
"2022-03-29 18:00:00",48.93,51.77,41.23
"2022-03-29 19:00:00",48.8,46.35,35.55
"2022-03-29 20:00:00",51.39,37.82,30.54
"2022-03-29 21:00:00",58.04,43.3,34.92
"2022-03-29 21:01:00",,,
"2022-03-29 22:01:00",,,
"2022-03-30 00:00:00",56.43,46.95,40.38
"2022-03-30 01:00:00",64.15,45.58,37.89
"2022-03-30 02:00:00",60.5,47.72,39.26
"2022-03-30 03:00:00",58.17,45.03,38.76
"2022-03-30 04:00:00",66.69,53.99,42.47
"2022-03-30 05:00:00",68.52,49.96,42.38
"2022-03-30 06:00:00",68.34,51.53,41.41
"2022-03-30 07:00:00",63.96,54.79,41.97
"2022-03-30 08:00:00",73,55.73,41.61
"2022-03-30 09:00:00",72.59,58.57,41.94
"2022-03-30 10:00:00",56.89,34.82,17.6
"2022-03-30 11:00:00",62.56,29.08,13.94
"2022-03-30 12:00:00",36.63,24.24,11.12
"2022-03-30 13:00:00",50.53,24.98,9.86
"2022-03-30 14:00:00",56.29,19.79,6.97
"2022-03-30 15:00:00",54.62,21.32,6.56
"2022-03-30 16:00:00",49.47,22.87,6.09
"2022-03-30 17:00:00",53.72,18.88,5.55
"2022-03-30 18:00:00",49.73,15.51,5.25
"2022-03-30 19:00:00",45.13,13.24,4.49
"2022-03-30 20:00:00",28.55,14.4,4.76
"2022-03-30 21:00:00",38.03,11.16,4.52
"2022-03-30 22:00:00",42.4,10.45,6.01
"2022-03-30 23:00:00",26.32,10.39,4.78
"2022-03-31 00:00:00",76.96,8.91,5.35
"2022-03-31 01:00:00",53.43,8.43,3.8
"2022-03-31 02:00:00",46.93,6.69,2.6
"2022-03-31 03:00:00",51.78,5.95,2.46
"2022-03-31 04:00:00",24.7,6.13,2.37
"2022-03-31 05:00:00",7.78,7.04,2.63
"2022-03-31 06:00:00",11.98,10.44,3.47
"2022-03-31 07:00:00",76.4,12.03,4.57
"2022-03-31 08:00:00",84.09,12.17,4.81
"2022-03-31 09:00:00",68.32,12.82,4.29
"2022-03-31 10:00:00",48.63,14.34,4.24
"2022-03-31 11:00:00",40.17,16.87,4.36
"2022-03-31 12:00:00",35.61,15.46,4.64
"2022-03-31 13:00:00",42.37,14.65,3.86
"2022-03-31 14:00:00",48.03,10.9,4.05
"2022-03-31 15:00:00",84.35,12.96,5.17
"2022-03-31 16:00:00",54.52,13.36,4.77
"2022-03-31 17:00:00",61.13,12.81,4.3
"2022-03-31 18:00:00",70.31,11.19,4.6
"2022-03-31 19:00:00",60.36,12.01,4.37
"2022-03-31 20:00:00",70.05,10.36,5.2
"2022-03-31 21:00:00",58.7,11.71,6.01
"2022-03-31 22:00:00",51.59,13.91,6.62
"2022-03-31 23:00:00",59.02,14.8,6.71
"2022-04-01 00:00:00",56.07,14.02,5.98
"2022-04-01 01:00:00",58.17,11.37,5.8
"2022-04-01 02:00:00",45.18,10.88,6.16
"2022-04-01 03:00:00",31.37,10.83,5.65
"2022-04-01 04:00:00",21.79,9.17,5.31
"2022-04-01 05:00:00",17.32,9.8,5.59
"2022-04-01 06:00:00",25.45,11.31,5.72
"2022-04-01 07:00:00",58.89,14.91,6.42
"2022-04-01 08:00:00",76.93,19.27,8.43
"2022-04-01 09:00:00",71.03,16.02,7.27
"2022-04-01 10:00:00",64.27,20.01,7.2
"2022-04-01 11:00:00",46.45,15.74,5.16
"2022-04-01 12:00:00",51.28,12.98,4.3
"2022-04-01 13:00:00",55.52,12.63,4.23
"2022-04-01 14:00:00",49.59,13.71,4.53
"2022-04-01 15:00:00",45.71,15.96,4.91
"2022-04-01 16:00:00",47.62,17.86,5.54
"2022-04-01 17:00:00",66.87,17.49,5.3
"2022-04-01 18:00:00",61.04,9.93,4.16
"2022-04-01 19:00:00",66.1,9.11,4.52
"2022-04-01 20:00:00",51.14,12.39,5.21
"2022-04-01 21:00:00",46.71,7.5,4.64
"2022-04-01 22:00:00",59.39,5.29,3.66
"2022-04-01 23:00:00",55.32,5.27,3.89
"2022-04-02 00:00:00",56.17,4.58,3.61